Kaupunginosa,Huoneisto,Talotyyppi,Neliömäärä,Velaton hinta,Euroa per neliö,Rakennusvuosi,Kerros,Hissi,Kunto,Energialuokka
Tasanne,autop. katoksessa,kt,"1,00",6000,6000,2019,1/1,ei,hyvä,A
Ristinarkku,"1h,k",kt,"28,00",133800,4779,2019,4/7,on,hyvä,"C,2013"
Hervanta,"1 h, keittokome...",kt,"35,50",96000,2704,1985,1/6,on,hyvä,
Kaakinmaa,Autohalli,kt,"13,00",30000,2308,2018,-1/10,on,hyvä,C
Lentävänniemi,AUTOKATOS,kt,"20,00",4500,225,2019,1/6,on,hyvä,"C,2013"
Tesoma,"1H+KT+parvi 5,5 m²",kt,"20,50",118000,5756,2018,6/6,on,hyvä,
Niemenranta,"1h,tk,alk",kt,"33,00",139000,4212,2015,6/8,on,hyvä,"B,2007"
Tesoma,"h, kt, kph, las...",kt,"23,00",96000,4174,2018,4/6,on,hyvä,
Kaleva,"1h, kt, kph, la...",kt,"25,00",147000,5880,2018,1/6,on,hyvä,
Tammela,1h+k+kph/wc,kt,"35,20",161000,4574,1930,4/6,on,hyvä,
Ristinarkku,"1h,kt",kt,"28,00",133800,4779,2019,4/7,on,hyvä,"C,2013"
Tesoma,"1h, kt, kph, pa...",kt,"23,00",89856,3907,2018,4/6,on,hyvä,
Tasanne,autopaikka,kt,"1,00",3000,3000,2019,1/1,ei,hyvä,A
Tasanne,autop. katoksessa,kt,"1,00",6000,6000,2019,1/1,ei,hyvä,A
Peltolammi,"Oh, alkovi, kt,...",kt,"29,50",114000,3864,2019,3/6,on,hyvä,
Multisilta,"1h, kt",kt,"22,00",86432,3929,2019,2/8,on,hyvä,"B,2018"
Multisilta,"1h, kt",kt,"22,00",87600,3982,2019,3/8,on,hyvä,"B,2018"
Multisilta,"1h, kt",kt,"22,00",87600,3982,2019,3/8,on,hyvä,"B,2018"
Ristinarkku,"1h,kt",kt,"28,00",140300,5011,2019,6/7,on,hyvä,"C,2013"
Tammela,1h+kk+kph,kt,"32,00",138000,4313,1941,6/6,on,hyvä,F
Pyynikki,"1h, kt, parvi",kt,"34,50",232000,6725,2018,4/6,on,hyvä,E
Keskusta,"1h,kt,parvi",kt,"35,00",228000,6514,2018,3/6,on,hyvä,"C,2013"
Vuores,1h+kt+kph+lasit...,kt,"23,00",101000,4391,2017,1/6,on,hyvä,"C,2013"
Ristinarkku,"1h,k",kt,"26,00",124300,4781,2019,2/7,on,hyvä,"C,2013"
Hatanpää,1H+KT,kt,"27,00",157100,5819,2019,3/7,on,hyvä,"C,2018"
Lentävänniemi,autohallipaikka,kt,"12,50",15980,1278,2019, ,on,hyvä,
Lentävänniemi,1h+kt,kt,"27,50",112900,4105,2018,3/8,on,hyvä,C
Multisilta,"1h, kt",kt,"22,00",87600,3982,2019,3/8,on,hyvä,"B,2018"
Multisilta,"1h, kt",kt,"22,00",89060,4048,2019,4/8,on,hyvä,"B,2018"
Multisilta,"1h, kt",kt,"22,00",89060,4048,2019,4/8,on,hyvä,"B,2018"
Multisilta,"1h, kt",kt,"22,00",89936,4088,2019,5/8,on,hyvä,"B,2018"
Multisilta,"1h, kt",kt,"22,00",89936,4088,2019,5/8,on,hyvä,"B,2018"
Multisilta,"1h, kt",kt,"22,00",89936,4088,2019,5/8,on,hyvä,"B,2018"
Multisilta,"1h, kt",kt,"23,00",88476,3847,2019,2/8,on,hyvä,"B,2018"
Multisilta,"1h, kt",kt,"23,00",88476,3847,2019,2/8,on,hyvä,"B,2018"
Tasanne,"1h, kk, psh, s,...",kt,"37,00",128990,3486,2019,2/2,ei,hyvä,A
Lentävänniemi,"1h, avok, rp",kt,"27,50",115828,4212,2019,5/6,on,hyvä,"C,2013"
Ristinarkku,"1h,kt",kt,"28,00",131200,4686,2019,3/7,on,hyvä,"C,2013"
Ristinarkku,"1h,k",kt,"28,00",131200,4686,2019,3/7,on,hyvä,"C,2013"
Kaleva,"1h,kk,p",kt,"29,00",128000,4414,1964,8/9,on,hyvä,"E,2013"
Hervanta,,kt,"12,50",12900,1032,2019,1/1,on,hyvä,
Hatanpää,1H+KT,kt,"26,50",155600,5872,2019,2/7,on,hyvä,"C,2018"
Hatanpää,1H+KT,kt,"26,50",157100,5928,2019,3/7,on,hyvä,"C,2018"
Nekala,"1h, k, kph",kt,"32,00",68000,2125,1945,2/2,ei,hyvä,
Tammela,"1h, kk, kph, pa...",kt,"32,50",138000,4246,1982,5/7,on,hyvä,"F,2013"
Vuores,"1h, kt, alk, kp...",kt,"34,00",122500,3603,2015,4/5,on,hyvä,"A,2007"
Tammela,"1h,kk",kt,"34,00",134000,3941,1972,5/7,on, ,"D,2007"
Lentävänniemi,AUTOKATOS,kt,"20,00",9000,450,2019,1/6,on,hyvä,"C,2013"
Kaleva,"1h, kk, kh, vh",kt,"30,50",135000,4426,1960,1/6,on,hyvä,"F,2013"
Hervanta,"1h,kk,kph,s,vh,...",kt,"35,00",95000,2714,1988,9/9,on,hyvä,"D,2007"
Multisilta,"1h, kt",kt,"23,00",88476,3847,2019,2/8,on,hyvä,"B,2018"
Multisilta,"1h, kt",kt,"23,00",89936,3910,2019,3/8,on,hyvä,"B,2018"
Multisilta,"1h, kt",kt,"23,00",89936,3910,2019,3/8,on,hyvä,"B,2018"
Multisilta,"1h, kt",kt,"23,00",89936,3910,2019,3/8,on,hyvä,"B,2018"
Multisilta,"1h, kt",kt,"23,00",89936,3910,2019,2/8,on,hyvä,"B,2018"
Multisilta,"1h, kt",kt,"23,00",91688,3986,2019,4/8,on,hyvä,"B,2018"
Multisilta,"1h, kt",kt,"23,00",93148,4050,2019,4/8,on,hyvä,"B,2018"
Multisilta,"1h, kt",kt,"23,00",97528,4240,2019,7/8,on,hyvä,"B,2018"
Multisilta,"1h, kt, parvi",kt,"23,00",117092,5091,2019, ,on,hyvä,"B,2018"
Härmälänranta,"1h,kt,kph,terassi",kt,"21,00",110500,5262,2018,1/7,on, ,"C,2018"
Härmälänranta,1h+kt+kph+terassi,kt,"24,00",115900,4829,2019,1/3,ei,hyvä,C
Härmälänranta,"1h, kt",kt,"24,00",116900,4871,2019,1/3,ei, ,"C,2013"
Lentävänniemi,1h+kt,kt,"25,00",109900,4396,2018,3/8,on,hyvä,
Lentävänniemi,1h+kt,kt,"27,50",118900,4324,2018,6/8,on,hyvä,
Lentävänniemi,1h+kt,kt,"27,50",119900,4360,2018,7/8,on,hyvä,
Lentävänniemi,1h+kt,kt,"27,50",120900,4396,2018,8/8,on,hyvä,
Lentävänniemi,1h+kt,kt,"26,50",113900,4298,2018,4/8,on,hyvä,
Lentävänniemi,"1h, avok, rp",kt,"27,50",115828,4212,2019,5/6,on,hyvä,"C,2013"
Lentävänniemi,"1h, avok, rp",kt,"27,50",118588,4312,2019,6/6,on,hyvä,"C,2013"
Hervanta,"1h,kk,kph",kt,"32,00",69510,2172,1976,6/8,on,hyvä,"F,2013"
Vuores,"1h,kt",kt,"27,00",125000,4630,2019,5/5,ei, ,"B,2018"
Lentävänniemi,"1h,kt",kt,"29,00",107153,3695,2019,1/6,on,hyvä,"C,2013"
Multisilta,"1h, kt,parvi",kt,"23,00",119136,5180,2019,8/8,on,hyvä,"B,2018"
Hatanpää,"1h, kk, vh, s, p",kt,"36,00",133100,3697,2003,2/4,on,hyvä,
Takahuhti,"1h, kk, s, lasi...",kt,"36,50",92000,2521,1989,2/3,ei,hyvä,"E,2013"
Multisilta,"1h, kt",kt,"24,00",98696,4112,2019,7/8,on, ,"B,2018"
Hervantajärvi,"1h, avokeitti...",kt,"29,00",107000,3690,2018,2/2,ei,hyvä,
Hatanpää,1H+KT,kt,"27,00",155600,5763,2019,2/7,on,hyvä,"C,2018"
Hatanpää,1H+KT,kt,"27,00",158600,5874,2019,4/7,on,hyvä,"C,2018"
Pispala,1h+k+kph,kt,"27,50",62500,2273,1927, ,ei,tyyd.,
Hatanpää,1H+ALK+KT,kt,"28,50",154600,5425,2019,1/7,on,hyvä,"C,2018"
Hatanpää,1H+ALK+KT,kt,"31,00",156600,5052,2019,2/7,on,hyvä,"C,2018"
Ristinarkku,"1h,k",kt,"26,00",124300,4781,2019,2/7,on,hyvä,"C,2013"
Ristinarkku,"1h,kt",kt,"28,00",133800,4779,2019,4/7,on,hyvä,"C,2013"
Lentävänniemi,"1h,kk",kt,"33,00",64000,1939,1972,1/3,ei, ,"G,2013"
Vehmainen,"1h,kt",kt,"24,00",92001,3833,2019,2/4,on,hyvä,"C,2013"
Multisilta,1h+kt,kt,"26,00",97528,3751,2019,5/8,on, ,"B,2018"
Peltolammi,"Oh, alkovi, kt,...",kt,"29,00",114900,3962,2019,1/6,on,hyvä,
Peltolammi,"Oh, alkovi, kt,...",kt,"29,50",127800,4332,2019,6/6,on,hyvä,
Kaukajärvi,"1h, kk, kph, p.",kt,"32,00",60000,1875,1975,2/3,ei,tyyd.,
Keskusta,"1h, k, kh/wc, p",kt,"26,00",160000,6154,1957,6/6,on,hyvä,"D,2007"
Ranta-tampella,1,kt,"13,00",20000,1538,2019,1/8,ei, ,"C,2018"
Vuores,"1h, kt, kph, vh, p",kt,"23,50",102000,4340,2018,2/2,ei,hyvä,
Multisilta,"1h, kt",kt,"24,00",92564,3857,2019,3/8,on,hyvä,"B,2018"
Multisilta,"1h, kt",kt,"24,00",96944,4039,2019,6/8,on,hyvä,"B,2018"
Multisilta,"1h, kt",kt,"26,00",93148,3583,2019,2/8,on,hyvä,"B,2018"
Multisilta,"1h, kt",kt,"26,00",96068,3695,2019,4/8,on,hyvä,"B,2018"
Tammela,"1h, kk, alkovi",kt,"37,00",137000,3703,1957,2/6,on,tyyd.,"D,2007"
Ranta-tampella,1,kt,"13,00",15000,1154,2019,1/8,ei, ,"C,2018"
Ranta-tampella,1,kt,"13,00",15000,1154,2019,1/8,ei, ,"C,2018"
Härmälä,1h+kt+kph+katet...,kt,"21,00",105000,5000,2018,1/7,on,hyvä,
Härmälä,"1h, kt, kph, te...",kt,"21,00",105500,5024,2018,1/7,on,hyvä,
Linnainmaa,1h+kt+kph+ransk...,kt,"27,50",129200,4698,2018,7/7,on,hyvä,
Lentävänniemi,AUTOKATOS,kt,"12,00",9000,750,2019,1/6,on,hyvä,"C,2013"
Peltolammi,autopaikka,kt,"12,50",3300,264,2019,1/1,on,hyvä,
Tesoma,1h+kt+lasitettu...,kt,"26,00",105800,4069,2018,3/6,on,hyvä,"C,2018"
Multisilta,"1h, kt, parvi",kt,"23,00",117092,5091,2019,8/8,on,hyvä,"B,2018"
Hatanpää,"1h, kt, kph, p",kt,"27,00",160100,5930,2019,5/7,on,hyvä,"C,2018"
Tammela,"1h, k, kph",kt,"37,50",121000,3227,1939,1/4,ei,huono,F
Härmälänranta,"1h, kt, parvi",kt,"25,00",139991,5600,2018,6/7,on,hyvä,"C,2018"
Koivistonkylä,1h+k,kt,"35,00",86000,2457,1958,1/3,ei,hyvä,"F,2013"
Lentävänniemi,"1h, alkovi, kk,...",kt,"38,00",90500,2382,1977,2/6,on,hyvä,"C,2013"
Tesoma,"1h, kt, kph, p",kt,"20,50",96603,4712,2018,3/6,on,hyvä,
Härmälänranta,"1h,kt,kph,lasit...",kt,"21,00",115001,5476,2018,3/7,on,hyvä,"C,2018"
Vuores,"1h, kt, kph, la...",kt,"22,50",101500,4511,2016,3/5,on,hyvä,
Atala,"1h, kt, lasit. p",kt,"26,00",107000,4115,2017,4/5,on,hyvä,
Härmälänranta,"1h,kt,kph,lasit...",kt,"26,00",143501,5519,2018,7/7,on,hyvä,"C,2018"
Muotiala,"1h, kk, alk",kt,"29,50",128000,4339,2015,1/2,ei,hyvä,"C,2013"
Hervantajärvi,"1h, avokeitti...",kt,"29,00",107000,3690,2018,2/2,ei,hyvä,
Hervantajärvi,"1h, avokeitti...",kt,"29,00",107000,3690,2018,1/2,ei,hyvä,
Hervantajärvi,"1h, avokeitti...",kt,"29,00",107000,3690,2018,2/2,ei,hyvä,
Hervantajärvi,"1h, avokeitti...",kt,"29,00",112000,3862,2018,1/2,ei,hyvä,
Hervanta,"1h, kk, kph, vh, p",kt,"34,00",70000,2059,1977,4/8,on,hyvä,"E,2013"
Keskusta,"1h, kk, kph/wc",kt,"36,60",140000,3825,1968,4/5,on,tyyd.,
Tammela,"1h, kt, kph, la...",kt,"28,50",194000,6807,2017,8/12,on,hyvä,
Haapalinna,"1h, k, kph/wc, ...",kt,"37,00",104000,2811,1986,3/5,on,hyvä,
Ristinarkku,"1h,k",kt,"28,00",136400,4871,2019,5/7,on,hyvä,"C,2013"
Ristinarkku,"1h,kt",kt,"28,00",140300,5011,2019,6/7,on,hyvä,"C,2013"
Multisilta,1h (+makuualkov...,kt,"30,00",55000,1833,1974,3/3,ei,hyvä,"D,2007"
Hervanta,"1h, kk, kph, la...",kt,"34,50",81000,2348,1979,4/5,on,hyvä,"D,2007"
Hervanta,"1h,kk",kt,"35,00",98000,2800,1982,7/8,on,tyyd.,"G,2013"
Lentävänniemi,1h+kt,kt,"29,00",126260,4354,2019,4/6,on,hyvä,
Lentävänniemi,"1h, kt, kph, pa...",kt,"29,00",126260,4354,2019,4/6,on,hyvä,
Lentävänniemi,"1h, kt, ph, par...",kt,"29,00",126260,4354,2019,4/6,on,hyvä,
Nekala,"1h,kk",kt,"27,00",82000,3037,1962,3/3,ei,hyvä,"F,2013"
Kaleva,Varasto,kt,"5,00",5000,1000,2017, ,on,hyvä,"C,2013"
Keskusta,"1h , kt , alk , p",kt,"36,50",234000,6411,2016,7/7,on,hyvä,"C,2013"
Hatanpää,1h+alk+kt,kt,"29,00",160300,5528,2020,5/7,on,hyvä,"C,2013"
Lentävänniemi,AUTOKATOS,kt,"20,00",9000,450,2019,1/6,on,hyvä,"C,2013"
Kaukajärvi,"1h, kt, lasit. p",kt,"27,50",106000,3855,2017,3/5,on,hyvä,"C,2013"
Nekala,"1h,k,kph,wc",kt,"32,00",67000,2094,1948,2/2,ei,tyyd.,"G,2013"
Keskusta,1h+kk+kph+vh+te...,kt,"33,20",159000,4789,1966,1/7,on,hyvä,
Linnainmaa,"1, kt , p",kt,"35,50",132000,3718,2016,1/7,on,hyvä,"C,2013"
Tampella,"1h, kk, alkovi,...",kt,"38,00",183800,4837,2012,3/8,on,hyvä,"D,2013"
Vuores,"1h, kt, kph, pa...",kt,"21,50",108000,5023,2018,5/5,on,hyvä,
Multisilta,1h+alkovi+kk+vh...,kt,"34,00",60500,1779,1978,1/5,on,hyvä,"B,2018"
Tahmela,"1h, kk, kph",kt,"23,00",68000,2957,1930,1/2,ei, ,"G,2013"
Kissanmaa,"1 h, kk, kh",kt,"28,50",103000,3614,1957,2/3,ei,tyyd.,"F,2013"
Härmälänranta,"1h, kt",kt,"21,00",123901,5900,2018,6/7,on,hyvä,"C,2018"
Hervanta,"1h, kt, kph, la...",kt,"25,50",116700,4576,2019,4/8,on,hyvä,
Hervanta,1h+kt+kph+lasit...,kt,"25,50",116900,4584,2019,7/8,on,hyvä,
Järvensivu,"Tupak+s, p",kt,"33,50",145000,4328,2006,4/5,on,hyvä,"E,2013"
Tesomajärvi,"1h, kk",kt,"38,50",85000,2208,1970,6/7,on,hyvä,"G,2013"
Härmälänranta,"1h,kt,kph",kt,"21,00",116075,5527,2018,4/7,on,hyvä,"C,2018"
Härmälänranta,"1h, kt, alk, kp...",kt,"31,00",118000,3806,2016,3/5,on,hyvä,"C,2013"
Hämeenpuisto,"1h,kk,kph,vh",kt,"35,50",131000,3690,1967,2/3,on,hyvä,"D,2013"
Muotiala,"1h, kt, alk ",kt,"29,50",120000,4068,2015,1/2,ei,hyvä,"C,2013"
Hervanta,"1h, kt, kph, la...",kt,"25,50",113000,4431,2019,5/8,on,hyvä,
Härmälänranta,"1h,kt,alk",kt,"31,00",126000,4065,2016,5/5,on,hyvä,"C,2013"
Lentävänniemi,"1h, avok, rp",kt,"27,50",113988,4145,2019,4/6,on,hyvä,"C,2013"
Hatanpää,1H+ALK+KT,kt,"28,50",159600,5600,2019,4/7,on,hyvä,"C,2018"
Multisilta,"1h, kt",kt,"22,00",91980,4181,2019,6/8,on, ,"B,2018"
Härmälä,1h+kt+kph+ransk...,kt,"24,50",123900,5057,2018,6/7,on,hyvä,
Hervanta,1h+kt+kph+lasit...,kt,"25,50",114400,4486,2019,7/8,on,hyvä,
Härmälänranta,"1h, kt",kt,"21,00",119900,5710,2018,5/7,on,hyvä,"C,2018"
Lentävänniemi,"1h, kt, psh, p",kt,"32,50",139740,4300,2019,5/6,on,hyvä,
Hervanta,"1h, k, kh/wc, p",kt,"31,00",77500,2500,1980,1/6,on,tyyd.,"D,2013"
Tesomajärvi,"1h, kk",kt,"38,50",86000,2234,1970,6/7,on,hyvä,"G,2013"
Santalahti,,kt,"12,50",15900,1272,2019,1/4,on,hyvä,C
Kaleva,"1h, kk, kph/wc, et",kt,"29,50",107000,3627,1956,2/4,ei,tyyd.,"D,2007"
Hervanta,1h+kk+s+parveke,kt,"33,00",92000,2788,1985,5/5,on,tyyd.,"F,2018"
Keskusta,1h,kt,"13,00",33250,2558,2018,1/8,on,hyvä,"C,2013"
Nekala,"1h, k, kph",kt,"32,00",58500,1828,1948,2/2,ei,tyyd.,"G,2013"
Lentävänniemi,"1h, kt, kph, la...",kt,"27,50",125000,4545,2018,4/6,on,hyvä,
Tohloppi,"tupak, alk, kh",kt,"24,50",99652,4067,2005,1/4,on,hyvä,"C,2007"
Hervanta,1h+kk+alkovi+pa...,kt,"30,00",105000,3500,1990,5/8,on,tyyd.,"E,2018"
Vuores,1h+kt+lasitettu...,kt,"22,00",104000,4727,2018,5/5,on,hyvä,"C,2018"
Tammela,"1h, kk, kph",kt,"30,50",130000,4262,1974,6/7,on,tyyd.,"D,2013"
Hervanta,1h+kk+alkovi+pa...,kt,"32,00",74000,2313,1978,1/6,on,tyyd.,"C,2007"
Hatanpää,1H+ALK+KT,kt,"28,50",161100,5653,2019,5/7,on,hyvä,"C,2018"
Härmälä,"1h,k,kph",kt,"42,00",73000,1738,1936,2/2,ei,hyvä,"F,2013"
Lentävänniemi,1h+avok+ranskal...,kt,"27,50",122990,4472,2018,6/6,on,hyvä,
Ristinarkku,"1h,k",kt,"28,00",131200,4686,2019,3/7,on,hyvä,"C,2013"
Tammela,"1h,kk,kph",kt,"25,00",121100,4844,1958,4/7,on,hyvä,"E,2007"
Tesoma,1,kt,"1,00",9500,9500,2018,1/8,on,hyvä,"C,2018"
Tesoma,1,kt,"1,00",9500,9500,2018,1/8,on,hyvä,"C,2018"
Haukiluoma,"1h, kt, ph, las...",kt,"25,50",104000,4078,2017,1/4,on,hyvä,
Viinikka,"1h, k, wc/ kh, ...",kt,"36,00",88000,2444,1934,1/2,ei,hyvä,"F,2018"
Linnainmaa,"1h,k,lasit.p",kt,"45,00",127000,2822,2006,2/5,on, ,"E,2013"
Ristinarkku,"1h,k",kt,"26,00",135500,5212,2019,6/7,on,hyvä,"C,2013"
Hervanta,1h+k,kt,"32,00",78000,2438,1974,5/6,on,tyyd.,"G,2013"
Vuores,"1h, kt, kph, la...",kt,"21,50",105843,4923,2018,3/5,on,hyvä,
Vuores,"1h, kt, kph, la...",kt,"21,50",104000,4837,2018,3/5,on,hyvä,
Koivistonkylä,"1h, kk",kt,"26,50",73000,2755,1960,3/3,ei,hyvä,"F,2013"
Kaleva,1h+kk+p,kt,"29,00",133500,4603,1964,4/9,on,hyvä,"E,2013"
Hatanpää,1H+ALK+KT,kt,"31,00",159600,5148,2019,4/7,ei,hyvä,"C,2018"
Linnainmaa,1h+kt+kph+ransk...,kt,"27,50",114890,4178,2018,1/7,on,hyvä,
Rantaperkiö,"1h,k",kt,"32,00",85000,2656,1961,2/2,ei,tyyd.,"D,2018"
Lentävänniemi,"1h, avok, rp",kt,"27,50",128900,4687,2019,6/6,on,hyvä,"C,2013"
Ikuri,Autopaikka,kt,"10,00",3000,300,2017,1/1,ei,hyvä,C
Härmälänranta,"1h,kt,alk,lasit. p",kt,"26,00",131500,5058,2017,6/6,on,hyvä,"C,2013"
Keskusta,"1h, k",kt,"27,00",139150,5154,1901,3/5,on,huono,"G,2013"
Kaleva,"1h, kk, kph",kt,"32,00",117000,3656,1956,4/8,on,hyvä,"G,2013"
Lentävänniemi,1h+kt,kt,"25,00",109900,4396,2018,3/8,on,hyvä,C
Janka,"1h, kt",kt,"27,50",129652,4715,2019,4/5,on,hyvä,"C,2013"
Janka,"1h, kt",kt,"29,50",137598,4664,2020,3/5,ei,hyvä,"C,2013"
Lentävänniemi,"1h, avok, rp",kt,"27,50",113988,4145,2019,4/6,on,hyvä,"C,2013"
Haukiluoma,"1h, kt, kph, la...",kt,"21,50",93500,4349,2017,3/4,on,hyvä,
Tesoma,1h+kt+kph+lasit...,kt,"25,50",96500,3784,2018,1/6,on,hyvä,
Lentävänniemi,"1h, kt",kt,"29,00",129880,4479,2019,5/6,on, ,"C,2013"
Nekala,"1h, k, wc",kt,"32,00",54000,1688,1948,1/2,ei,tyyd.,"D,2007"
Hervanta,"1h, kk",kt,"33,00",72000,2182,1976,3/5,on,hyvä,"F,2013"
Vuores," 1 h, makuualko...",kt,"37,00",129000,3486,2015,4/5,on,hyvä,
Kaleva,"1,kt",kt,"31,00",156000,5032,2016,6/9,on,hyvä,"C,2013"
Amuri,"1h, kk, s, ph",kt,"34,00",110000,3235,1908,1/6,on,hyvä,
Härmälänranta,"1h,kt,kph,lasit...",kt,"21,00",117000,5571,2018,3/7,on,hyvä,"C,2018"
Lentävänniemi,"1h, kt",kt,"29,00",126820,4373,2019,2/6,on,hyvä,"C,2013"
Tesoma,2h+kt+lasitettu...,kt,"37,00",139000,3757,2018,3/6,on,hyvä,"C,2018"
Tesoma,1,kt,"13,00",9500,731,2018,1/8,on,hyvä,"C,2018"
Lentävänniemi,"1h, kt, kph, p",kt,"29,00",126820,4373,2019,2/6,on,hyvä,
Lentävänniemi,"1h, kt, kph, pa...",kt,"29,00",129880,4479,2019,5/6,on,hyvä,
Lentävänniemi,"1h, kt, kph, pa...",kt,"29,00",129880,4479,2019,5/6,on,hyvä,
Hervanta,1h+kk+alkovi+pa...,kt,"34,00",92000,2706,1984,6/6,on,hyvä,"D,2007"
Hatanpää,1H+ALK+KT,kt,"31,00",164700,5313,2019,6/7,on,hyvä,"C,2018"
Hatanpää,1H+ALK+KT,kt,"31,00",167700,5410,2019,7/7,on,hyvä,"C,2018"
Kaleva,1h+k,kt,"36,00",128000,3556,1958,4/6,on,hyvä,"D,2018"
Kaleva,Autohallipaikka,kt,"12,50",16900,1352,2018,1/6,on,hyvä,
Peltolammi,autopaikka,kt,"12,50",3300,264,2019,1/1,on,hyvä,
Santalahti,"1h, kt, kph/wc,...",kt,"25,00",168900,6756,2019,6/7,on,hyvä,C
Ristinarkku,"1h,k",kt,"28,00",128601,4593,2019,2/7,on,hyvä,"C,2013"
Hatanpää,1H+KT,kt,"26,50",158600,5985,2019,4/7,ei,hyvä,"C,2018"
Kaleva,"1h, kk, kph, pa...",kt,"31,50",130000,4127,1961,2/6,on,hyvä,"D,2013"
Hallila,"1h, kk, kph/s, ...",kt,"36,00",114000,3167,1991,4/6,on,hyvä,
Lamminpää,"1h,k,vh,kph,alkovi",kt,"43,00",88000,2047,1959,2/2,ei,hyvä,"G,2007"
Hervanta,"1h,kk,s,lasitet...",kt,"35,00",97000,2771,1988,2/8,on,hyvä,"D,2007"
Hatanpää,1H+ALK+KT,kt,"31,00",161100,5197,2019,5/7,ei,hyvä,"C,2018"
Kaleva,"1h, kk, kh",kt,"30,00",128000,4267,1959,2/7,on,tyyd.,"F,2013"
Saukonmäki,"1h, kk, kh",kt,"24,00",115000,4792,1948,1/4,ei,tyyd.,"F,2013"
Hervanta,"1h, kt, kph, la...",kt,"25,50",113500,4451,2019,2/8,on,hyvä,
Peltolammi,"Oh, alkovi, kt,...",kt,"29,00",120700,4162,2019,3/6,on,hyvä,
Vuores,"1h, k, kh, rans...",kt,"31,50",107000,3397,2015,7/7,on,hyvä,C
Vuores,"1h, k, alkovi, ...",kt,"33,50",114000,3403,2015,5/7,on,hyvä,"C,2013"
Vehmainen,"1h,kt",kt,"24,00",95000,3958,2019,4/4,on,hyvä,"C,2013"
Janka,"1h, kt",kt,"29,50",137598,4664,2020,3/5,ei,hyvä,"C,2013"
Janka,"1h, kt",kt,"29,50",137598,4664,2020,3/5,ei,hyvä,"C,2013"
Janka,"1h, kt",kt,"29,50",137598,4664,2020,3/5,ei,hyvä,"C,2013"
Tahmela,"1h,kk,s",kt,"32,00",97000,3031,1989,1/2,ei, ,"F,2007"
Härmälänranta,"1h, kt",kt,"24,00",116900,4871,2019,1/3,ei, ,"C,2013"
Haapalinnankylä,"1h, k, s, p (las)",kt,"38,00",130000,3421,2003,4/6,on,hyvä,"F,2013"
Tammela,"1h,kk, pesuh/wc",kt,"32,00",137000,4281,1941,6/6,on,hyvä,"F,2013"
Lielahti,"1h, kt, las. te...",kt,"26,00",124200,4777,2018,1/8,on,hyvä,"C,2013"
Lentävänniemi,"1h, kt",kt,"29,00",126820,4373,2019,2/6,on, ,"C,2013"
Lentävänniemi,"1h, kt",kt,"29,00",127840,4408,2019,3/6,on, ,"C,2013"
Niemenranta,"1h, kt",kt,"24,00",112000,4667,2017,3/7,on,hyvä,"C,2013"
Ranta-tampella,"1-2h, kt",kt,"38,00",215200,5663,2019,3/8,ei, ,"C,2018"
Viinikka,"1h, k, kph/wc",kt,"24,00",72000,3000,1926,2/2,ei,tyyd.,
Keskusta,"1h, kt, kph, parvi",kt,"20,00",135000,6750,1936,5/7,on,hyvä,"F,2013"
Tasanne,"1h, kk, psh, s,...",kt,"24,50",128990,5265,2018,2/2,ei,hyvä,A
Ristinarkku,"1h,kt",kt,"28,00",140300,5011,2019,6/7,on,hyvä,"C,2013"
Ristinarkku,"1h,kt",kt,"28,00",140300,5011,2019,6/7,on,hyvä,"C,2013"
Nekala,"1h,k",kt,"38,00",75000,1974,1945,2/2,ei,tyyd.,"D,2007"
Santalahti,1h+parvi+kt+kph...,kt,"33,50",199900,5967,2019,2/7,on,hyvä,C
Pyynikki,"1h, k, askartel...",kt,"75,00",210000,2800,1926,1/2,ei,hyvä,"G,2013"
Hatanpää,1H+ALK+KT,kt,"28,50",156600,5495,2019,2/7,on,hyvä,"C,2018"
Armonkallio,"1h, k, kph/wc",kt,"29,00",121000,4172,1960,3/3,ei,hyvä,
Kaakinmaa,Autohalli,kt,"13,00",30000,2308,2018,-1/10,on,hyvä,C
Vuores,"1h, kt, kph, pa...",kt,"25,50",116000,4549,2016,5/5,on,hyvä,
Tesoma,1h+kt+lasitettu...,kt,"21,00",101000,4810,2018,5/6,on, ,"C,2018"
Keskusta,"1h,kk,kph,vh",kt,"25,00",118000,4720,1973,4/7,on, ,"G,2013"
Lentävänniemi,1h+avok+p,kt,"27,50",118990,4327,2018,2/6,on,hyvä,
Vuores,tupak. + s,kt,"29,50",102500,3475,2016,4/5,on,hyvä,
Hämeenpuisto,"1h, kk, kph",kt,"34,00",173500,5103,1962,4/7,on,tyyd.,"C,2007"
Rantaperkiö,"1h,k",kt,"32,00",87000,2719,1961,1/2,ei,tyyd.,"D,2018"
Hyhky,"1h, kk, s",kt,"35,00",105000,3000,1986,1/2,ei,hyvä,"F,2013"
Vuores,1h+kt+lasitettu...,kt,"22,00",96900,4405,2018,1/5,on,hyvä,
Peltolammi,"Oh, alkovi, kt,...",kt,"29,50",119400,4047,2019,2/6,on,hyvä,
Hervanta,"1h, kt, kph, la...",kt,"25,50",106900,4192,2018,6/8,on,hyvä,C
Hervanta,"1h, kt, kph, la...",kt,"25,50",107900,4231,2018,7/8,on,hyvä,C
Hervanta,1h+kt+kph+lasit...,kt,"25,50",119900,4702,2019,7/8,on,hyvä,
Kaleva,"1 h, kk, kh",kt,"28,00",135000,4821,1954,3/4,ei,hyvä,"D,2007"
Pyynikki,"1h, kt, vh, rp",kt,"32,00",191000,5969,2018,5/8,on,hyvä,C
Lentävänniemi,1h+kt,kt,"25,00",118900,4756,2018,7/8,on,hyvä,C
Lentävänniemi,1h+kt,kt,"29,00",131920,4549,2019,6/6,on,hyvä,
Keskusta,"1h+kk, kph/wc, ...",kt,"32,50",175000,5385,1961,7/11,on,hyvä,"F,2013"
Amuri,"1h,kt,kph,alkovi",kt,"49,00",150000,3061,1928,2/5,ei,hyvä,"F,2013"
Linnainmaa,"1h, k",kt,"27,50",124500,4527,2018,6/7,on,hyvä,
Linnainmaa,"1h, kk, kph, s,...",kt,"32,00",75000,2344,1985,3/3,ei,hyvä,
Hämeenpuisto,"1h, kk, alkovi,...",kt,"32,50",131000,4031,1955,2/6,on,hyvä,"F,2013"
Hervanta,"1h, kt, kph, la...",kt,"25,50",116900,4584,2019,4/8,on,hyvä,
Tesoma,1h+kt+lasitettu...,kt,"28,00",111500,3982,2018,3/6,on,hyvä,"C,2018"
Hervanta,"1h ,kk, ph/wc, ...",kt,"34,00",70000,2059,1977,8/8,on,tyyd.,
Kalevanharju,"1h, kk",kt,"27,00",95000,3519,1972,3/3,ei,hyvä,"F,2013"
Hervanta,"1h, kk, s",kt,"36,50",78000,2137,1984,3/3,ei,hyvä,"F,2013"
Ranta-tampella,1,kt,"13,00",15000,1154,2019,1/8,ei, ,"C,2018"
Janka,"1h, kt",kt,"30,00",142000,4733,2020,3/5,on, ,"C,2013"
Multisilta,"1h, kt",kt,"23,00",93148,4050,2019,5/8,on, ,"B,2018"
Niemenranta,"1h, kt, kph/wc, p",kt,"24,50",105000,4286,2016,2/2,ei,hyvä,
Tesoma,1,kt,"13,00",9500,731,2018,1/8,on,hyvä,"C,2018"
Keskusta,"1h,kt,parvi",kt,"35,00",234000,6686,2019,5/6,on,hyvä,"C,2013"
Lentävänniemi,1h+tpk+s+lasite...,kt,"42,00",149000,3548,2013,4/8,on,hyvä,"C,2013"
Härmälänranta,"1h,kt,kph",kt,"25,00",120000,4800,2018,2/7,on,hyvä,"C,2018"
Lintuhytti,1h+kt,kt,"32,00",110000,3438,2019,1/2,ei,hyvä,
Amuri,"1h, k, kph",kt,"33,00",131000,3970,1939,4/5,ei,hyvä,
Multisilta,"1h, kt",kt,"22,00",93440,4247,2019,7/8,on, ,"B,2018"
Härmälä,1h+kt+kph+parveke,kt,"24,50",124900,5098,2018,6/6,on,hyvä,
Kaleva,"1h, kk, kph, parv.",kt,"25,00",111000,4440,1952,2/3,ei,huono,
Multisilta,"1h, kt",kt,"23,00",94608,4113,2019,5/8,on, ,"B,2018"
Multisilta,"1h, kt",kt,"24,00",95484,3979,2019,5/8,on, ,"B,2018"
Keskusta,"1h, kk, alkovi,...",kt,"26,50",120000,4528,1937,6/6,on,tyyd.,
Hervanta,1h+k+kph+lasite...,kt,"25,50",124500,4882,2019,8/8,on,hyvä,
Santalahti,"1h, kt, kph/wc,...",kt,"20,00",147900,7395,2019,4/7,on,hyvä,C
Kaleva,"1 h, alkovi, kk, p",kt,"31,00",140250,4524,1967,2/7,on,hyvä,"F,2007"
Hatanpää,1H+ALK+KT,kt,"31,00",158100,5100,2019,3/7,on,hyvä,"C,2018"
Keskusta,"1h,kt,parvi",kt,"35,00",232000,6629,2018,4/6,on,hyvä,"C,2013"
Tesoma,1h+kt+lasitettu...,kt,"26,00",107900,4150,2018,4/6,on,hyvä,"C,2018"
Kaleva,"1h, kk, kh/wc",kt,"32,00",132000,4125,1958,2/8,on,hyvä,"F,2013"
Hervanta,"1h, alkovi, kk,...",kt,"34,00",74000,2176,1977,3/5,on,hyvä,"F,2013"
Petsamo,"1h, kk, kph",kt,"20,00",56500,2825,1937,1/2,ei,tyyd.,"D,2007"
Rantaperkiö,"1h, kk, kph, al...",kt,"28,00",67000,2393,1969,3/3,ei,hyvä,"F,2013"
Nekala,"1h, k, kph/wc",kt,"32,00",87000,2719,1948,1/3,ei,hyvä,
Härmälänranta,1h+kt+lasitettu...,kt,"21,00",125501,5976,2018,5/7,on,hyvä,"C,2018"
Vuores,1h+alkovi+kt+kp...,kt,"22,50",98500,4378,2016,2/5,on,hyvä,
Amuri,"1h, kt, ph, p",kt,"29,50",193000,6542,2017,7/8,on,hyvä,C
Kalkku,"1h, alkovi, kk,...",kt,"34,50",54000,1565,1975,3/7,on,tyyd.,
Petsamo,"1h, kk, kph, ul...",kt,"35,00",95000,2714,1938,2/2,ei,hyvä,"G,2013"
Vuores,"1h, kt, kph, la...",kt,"25,50",100000,3922,2015,3/5,on,hyvä,
Peltolammi,"h, kt, kph/wc, ...",kt,"28,00",112100,4004,2019,1/6,on,hyvä,
Järvensivu,"1h, k, kph",kt,"33,50",69000,2060,1960,2/2,ei,hyvä,
Hervanta,1h+kph+kk+parveke,kt,"30,00",75000,2500,1979,4/8,on,tyyd.,"F,2013"
Uusikylä,1h+kk+kph+vh,kt,"36,00",120000,3333,1970,1/3,ei,hyvä,
Hervanta,"2h, k, kph/wc, ...",kt,"56,00",66000,1179,1977,6/8,on,tyyd.,"F,2013"
Lentävänniemi,"2h, k, lasitett...",kt,"57,50",65000,1130,1975,2/7,on,hyvä,"D,2007"
Hervanta,"1h, kk, kh, vh",kt,"32,00",80000,2500,1974,1/7,on,hyvä,F
Lentävänniemi,1h+k,kt,"27,50",118990,4327,2018,4/6,on,hyvä,
Lentävänniemi,"1h,kt",kt,"32,00",125361,3918,2019,4/6,on,hyvä,"C,2013"
Janka,"1h, kt",kt,"30,00",137000,4567,2020,2/5,on, ,"C,2013"
Peltolammi,"1h, k, kph",kt,"34,00",65000,1912,1967,3/3,ei,hyvä,"E,2007"
Härmälänranta,1h+kt+kph+terassi,kt,"20,50",109000,5317,2018,1/6,on,hyvä,
Hatanpää,1H+KT,kt,"27,00",148600,5504,2019,1/7,on,hyvä,"C,2018"
Härmälä,1h+kt+kph+ransk...,kt,"24,50",123500,5041,2018,5/7,on,hyvä,
Lentävänniemi,"1h, kt, wc/kph,...",kt,"24,50",97000,3959,2016,1/2,ei,hyvä,
Lentävänniemi,"1h, kt",kt,"33,00",138040,4183,2019,4/6,on, ,"C,2013"
Keskusta,1h,kt,"13,00",33250,2558,2018,1/8,on,hyvä,"C,2013"
Ristinarkku,"1h,k",kt,"28,00",126000,4500,2019,1/7,on,hyvä,"C,2013"
Janka,"1h, kt",kt,"30,00",137000,4567,2020,2/5,on, ,"C,2013"
Kaukajärvi,"1h, kk",kt,"28,50",80000,2807,1968,8/9,on,hyvä,
Härmälänranta,"1h, kt",kt,"21,00",117900,5614,2018,4/7,on,hyvä,"C,2018"
Pispala,"1h, k, kph",kt,"34,50",90000,2609,1928,1/3,ei,hyvä,"G,2013"
Tesoma,1h+kt+kph+lasit...,kt,"20,50",96480,4706,2018,1/6,on,hyvä,
Lentävänniemi,"1h, kt, kph, pa...",kt,"29,00",131920,4549,2019,6/6,on,hyvä,
Niemenranta,"1h, kt, kph/ wc...",kt,"29,50",117000,3966,2016,1/2,ei,hyvä,"C,2013"
Annala,"1h, kk, kph, vh, p",kt,"33,50",72000,2149,1979,3/3,ei,hyvä,"F,2013"
Härmälänranta,"2h,kt,kph,lasit...",kt,"38,00",153000,4026,2018,2/7,on,hyvä,"C,2018"
Hervanta,"1h, kt, kph, la...",kt,"25,50",115500,4529,2019,3/8,on,hyvä,
Multisilta,"1h, kt",kt,"22,00",93440,4247,2019,7/8,on, ,"B,2018"
Multisilta,"1h, kt",kt,"23,00",94608,4113,2019,6/8,on, ,"B,2018"
Multisilta,"1h, kt",kt,"23,00",96068,4177,2019,7/8,on, ,"B,2018"
Santalahti,"1h, kt, kph/wc,...",kt,"25,00",157500,6300,2019,3/7,on,hyvä,C
Amuri,"1h, k, alkovi, kph",kt,"42,00",138000,3286,1950,1/6,on,hyvä,"F,2013"
Tesoma,1H+KT,kt,"27,00",95823,3549,2018,3/6,on,hyvä,
Tesoma,1H+KT,kt,"27,00",98982,3666,2018,4/6,on,hyvä,
Lentävänniemi,"1h, avokeitti...",kt,"27,50",119990,4363,2018,5/6,on,hyvä,
Lentävänniemi,"1h, kt, kph, pa...",kt,"29,00",131920,4549,2019,6/6,on,hyvä,
Lamminpää,"1h,k",kt,"36,00",65000,1806,1948,2/2,ei,hyvä,
Vuores,Hallipaikka,kt,"12,50",1800,144,2017,1/6,on,hyvä,
Hervanta,"1h,kk,kph,vh,p",kt,"34,50",76000,2203,1983,3/5,on,tyyd.,"E,2013"
Linnainmaa,1 H + K,kt,"27,00",117400,4348,2018,4/7,on,hyvä,
Armonkallio,"1h, kk, kph, s,...",kt,"33,00",135000,4091,1985,2/3,on,hyvä,"F,2013"
Linnainmaa,1 H + K,kt,"27,50",124900,4542,2018,6/7,on,hyvä,
Tammela,autotalli,kt,"17,50",28500,1629,1982,1/1,on,hyvä,"F,2013"
Koivistonkylä,"oh, kk, kph, wc",kt,"26,50",68000,2566,1960,2/3,ei,tyyd.,"F,2013"
Vuores,autopistokepaikka,kt,"5,00",400,80,2018,1/1,ei,hyvä,C
Lintuhytti,2h+kt+s,kt,"41,00",132000,3220,2019,1/2,ei,hyvä,
Tesoma,"2h,kk",kt,"41,00",135100,3295,2018,3/8,on,hyvä,"C,2018"
Hervanta,2h+k+p,kt,"56,00",79000,1411,1979,7/7,on,hyvä,"F,2013"
Tesoma,"2h,kk",kt,"43,00",139100,3235,2018,4/8,on,hyvä,"C,2018"
Keskusta,"1h,kt,parvi",kt,"35,00",232000,6629,2018,4/6,on,hyvä,"C,2013"
Linnainmaa,"1h, tupakeitti&...",kt,"40,00",116900,2923,2005,4/4,on,hyvä,"E,2013"
Tesoma,1,kt,"1,00",9500,9500,2018,1/8,on,hyvä,"C,2018"
Vuores,1h+kt+kph+lasit...,kt,"25,00",109700,4388,2017,3/5,on,hyvä,
Kaleva,1h+kt+kph+lasit...,kt,"25,00",159900,6396,2018,4/6,on,hyvä,
Linnainmaa,1h+kt+kph+ransk...,kt,"27,50",123900,4505,2018,6/7,on,hyvä,
Tammela,"2h, k, s, lasit.p",kt,"63,50",201000,3165,1995,2/5,on,hyvä,"F,2013"
Kaleva,"2h, k, kph/wc, ...",kt,"51,50",148000,2874,1959,4/7,on,tyyd.,
Rantaperkiö,"2h,k,kh,p ",kt,"52,00",105000,2019,1972,3/3,ei,tyyd.,"F,2013"
Koivistonkylä,"2h,k",kt,"62,00",131159,2115,1957,3/3,ei,hyvä,"D,2013"
Annala,"2h, kk, s, p",kt,"42,00",105000,2500,1989,2/3,on,hyvä,"E,2013"
Linnainmaa,"2h,kt,kph,s,piha",kt,"44,00",110000,2500,1999,1/5,on, ,"D,2007"
Nekala,"2h,kk,kph,vh,parv.",kt,"53,00",120000,2264,1956,3/3,ei, ,"F,2013"
Vuores,"2h, kt, kph, p",kt,"42,50",134000,3153,2017,2/6,on,hyvä,"C,2013"
Kaleva,"1h, kk, kph, ra...",kt,"27,00",118000,4370,1961,2/7,on,hyvä,
Tammela,"1h, kk, kph ,vh",kt,"30,50",133000,4361,1972,3/6,ei,hyvä,
Tasanne,autopaikka,kt,"1,00",1,1,2019,1/1,ei,hyvä,A
Härmälä,"1h, k, suihku, ...",kt,"25,00",47800,1912,1939,2/2,ei,tyyd.,
Tammela,"1h, kk, parveke...",kt,"30,00",135000,4500,1981,3/7,on,tyyd.,"B,2007"
Koivistonkylä,"1h, kk, kph/wc, vh",kt,"25,00",84000,3360,1970,3/3,ei,hyvä,"E,2007"
Ristinarkku,"1h,k",kt,"28,00",126000,4500,2019,1/7,on,hyvä,"C,2013"
Niemenranta,"1h, kk, alk, kp...",kt,"30,00",106000,3533,2012,2/6,on,hyvä,"D,2013"
Annala,"1h, kt, kph, s,...",kt,"35,00",103000,2943,2011,1/2,ei,hyvä,
Härmälä,"1h,k,kph,vh",kt,"35,00",68200,1949,1948, ,ei,tyyd.,"C,2007"
Linnainmaa,1h+kt+terassi,kt,"28,00",128500,4589,2018,1/4,on,hyvä,"C,2013"
Lentävänniemi,"1h, kt, psh, p",kt,"32,50",143820,4425,2019,6/6,on,hyvä,
Tesoma,1h+kt+lasitettu...,kt,"26,00",104850,4033,2018,2/6,on,hyvä,"C,2018"
Härmälä,1h+kt+kph+terassi,kt,"23,00",116500,5065,2018,1/6,on,hyvä,
Pyynikki,"1h, kk, kph/wc, vh",kt,"29,50",131000,4441,1966,4/7,on,tyyd.,"E,2013"
Hervanta,"1h, kk, et, kph...",kt,"30,00",86000,2867,1980,2/6,on,hyvä,
Vuores,autokatospaikka,kt,"5,00",1200,240,2018,1/1,ei,hyvä,C
Vuores,autokatospaikka,kt,"5,00",1200,240,2018,1/1,ei,hyvä,C
Vuores,autokatospaikka,kt,"10,00",1000,100,2018,1/1,ei,hyvä,
Vuores,autokatospaikka,kt,"10,00",1000,100,2018,1/1,ei,hyvä,
Vuores,autokatospaikka,kt,"10,00",1000,100,2018,1/1,ei,hyvä,
Takahuhti,"2h, k, las.p",kt,"60,00",120000,2000,1968,4/4,on,hyvä,"D,2007"
Härmälänranta,"2h, kt, las. p",kt,"43,50",173000,3977,2017,4/6,on,hyvä,"C,2013"
Pyynikki,"2h, k, kph",kt,"55,00",153000,2782,1930,1/2,ei,hyvä,
Hämeenpuisto,"2h,k,kph,lasite...",kt,"59,00",205000,3475,1966,2/8,on,hyvä,"C,2007"
Annala,"2 h, k, kph/wc,...",kt,"62,50",121000,1936,1991,2/3,ei,hyvä,
Kaleva,"2h,k,kph",kt,"62,50",158000,2528,1956,2/6,on,tyyd.,
Hervanta,"2h, kt, kph, pa...",kt,"38,50",136900,3556,2019,5/8,on,hyvä,
Keskusta,"2h,kk,p",kt,"38,00",225000,5921,2016,4/6,on,hyvä,"C,2013"
Tammela,"2h, kk, kph",kt,"40,50",180000,4444,1970, ,on,hyvä,
Rahola,"2h,kk",kt,"43,00",72564,1688,1965,3/3,ei,tyyd.,"G,2013"
Härmälä,"2h, k, kph, p",kt,"53,00",86500,1632,1969,1/3,ei,hyvä,"F,2013"
Kaleva,2h+kk,kt,"42,00",138000,3286,1950,4/4,ei,hyvä,
Hämeenpuisto,2h+k+kph,kt,"45,90",131000,2854,1938,3/7,on,tyyd.,
Härmälä,"2h, k, kph, vh",kt,"51,50",121000,2350,1965,2/3,ei,hyvä,F
Tesoma,2H+KT,kt,"32,50",127764,3931,2018,4/6,on,hyvä,
Vuores,"2h, k, kph, las...",kt,"39,00",140000,3590,2017,5/6,on,hyvä,
Tammela,2h+k,kt,"54,30",145000,2670,1971,2/7,on,tyyd.,
Kaukajärvi,"2h,tupak,s,lasi...",kt,"56,00",149900,2677,2007,1/5,on,hyvä,"D,2013"
Annala,"1h,kk,lasip",kt,"34,00",62000,1824,1981,1/3,ei, ,"F,2013"
Vuores,1h+kt+kph+ransk...,kt,"29,50",115500,3915,2017,5/6,on,hyvä,
Hervanta,"1h, kt, kph, la...",kt,"25,50",116900,4584,2019,4/8,on,hyvä,
Vuores,"1h, kt, kph, te...",kt,"25,50",100000,3922,2015,1/5,on,hyvä,
Hervanta,"1h, kt, kph, la...",kt,"25,50",103900,4075,2019,3/8,on,hyvä,
Vehmainen,"1h,kt",kt,"24,00",92001,3833,2019,2/4,on,hyvä,"C,2013"
Vehmainen,"1h,kt",kt,"24,00",93500,3896,2019,3/4,on,hyvä,"C,2013"
Vehmainen,"1h,kt",kt,"24,00",93500,3896,2019,3/4,on,hyvä,"C,2013"
Hatanpää,"2h, kk, s, lasi...",kt,"46,00",158000,3435,2001,4/4,on,hyvä,"F,2013"
Kaleva,"2h, kt, vh, las...",kt,"53,00",249500,4708,2016,5/6,on,hyvä,
Hervanta,"2h, k, kph, las...",kt,"57,00",66000,1158,1976,2/8,on,hyvä,
Vuores,"2h, kt",kt,"33,00",130152,3944,2020,4/5,ei, ,"C,2013"
Hervanta,Tupakeittiö...,kt,"37,00",92000,2486,2007,1/5,on,hyvä,"F,2013"
Vuores,"2h, kt, s",kt,"40,00",143202,3580,2020,4/5,ei, ,"C,2013"
Pyynikki,"2h,avokeitti...",kt,"42,00",198000,4714,2010,2/3,on,hyvä,"D,2013"
Vuores,autokatospaikka,kt,"10,00",1000,100,2018,1/1,ei,hyvä,
Vuores,autokatospaikka,kt,"10,00",1000,100,2018,1/1,ei,hyvä,
Härmälänranta,"1h,kt,parvi",kt,"21,00",142001,6762,2018,6/7,on,hyvä,"C,2018"
Lentävänniemi,"1h, kt, kph, rp",kt,"21,50",111000,5163,2018,3/6,on,hyvä,"C,2013"
Tesoma,"1h, k, kph",kt,"32,00",60000,1875,1981,3/3,ei,tyyd.,"E,2013"
Tesoma,"1 h, kk, vh",kt,"38,50",87000,2260,1969,2/7,on,hyvä,"E,2013"
Rahola,"2h, k, s",kt,"54,00",155000,2870,2014,2/4,on,hyvä,"A,2007"
Kissanmaa,"2h,k",kt,"62,00",160000,2581,1957,1/3,ei,hyvä,"F,2013"
Hämeenpuisto,"2h,k",kt,"58,00",200000,3448,1952,1/7,on, ,"G,2013"
Kaleva,"2h, k, ph",kt,"50,00",136000,2720,1955,2/6,on,tyyd.,
Janka,"2h, k, s, p(las.)",kt,"56,00",110000,1964,1990,3/4,on,tyyd.,"D,2018"
Lappi,"2h,k,et,s,kph,wc",kt,"64,00",237750,3715,1939,3/5,on,hyvä,"F,2013"
Härmälä,"2h, k, kph/s, p",kt,"44,50",143000,3213,2007,3/4,on,hyvä,"D,2007"
Amuri,"2h,kk,kph,vh",kt,"55,00",179000,3255,1968,7/9,on, ,"D,2007"
Hervanta,"2 h, kt, kph, p...",kt,"39,50",130900,3314,2019,1/8,on,hyvä,
Pyynikki,"2h,kk,kph",kt,"45,00",173000,3844,1963,2/6,on,hyvä,"F,2013"
Rahola,"2h, kk, vh, kh/wc",kt,"49,00",92000,1878,1964,3/3,ei,hyvä,"D,2007"
Vuores,1h+parvi+s+piha,kt,"46,00",144000,3130,2014,1/5,on,hyvä,"C,2013"
Härmälänranta,"2h, k, kph, s, ...",kt,"59,50",224000,3765,2015,2/5,on,hyvä,"C,2013"
Pyynikki,"2h,avokeitti...",kt,"60,00",255000,4250,2010,5/7,on,hyvä,"D,2013"
Vuores,"2h, k, kph, las...",kt,"39,00",136000,3487,2017,2/6,on,hyvä,
Kaleva,"2h, kt, p",kt,"43,50",177135,4072,2018,5/6,on,hyvä,C
Hervanta,"2h, kk, kph, vh",kt,"48,00",66500,1385,1975,2/6,on,tyyd.,"E,2013"
Irjala,"2h, k, kph/wc, p",kt,"52,50",92000,1752,1963,2/2,ei,hyvä,
Vuores,"1h, kt, kph, pa...",kt,"21,50",99800,4642,2018,2/5,on,hyvä,
Hervanta,"1h, kt, kph, pa...",kt,"25,50",107900,4231,2019,7/8,on,hyvä,
Linnainmaa,"1h, kk, kph, s,...",kt,"32,00",94000,2938,1985,3/3,ei,hyvä,
Kumpula,"1h,k,kph",kt,"33,00",60000,1818,1962,2/3,ei,tyyd.,"F,2013"
Hervanta,"1h, kk, kph, vh...",kt,"35,00",78000,2229,1979,5/5,on,tyyd.,
Hervanta,"1h, kt, kph, la...",kt,"25,50",98900,3878,2019,2/8,on,hyvä,
Keskusta,"1 h , kk",kt,"28,50",176000,6175,1967,7/7,on,hyvä,F
Lentävänniemi,"1h, kt, kph, rp",kt,"23,50",119800,5098,2019,5/5,on,hyvä,"C,2013"
Lentävänniemi,"1h, kt, kph, rp",kt,"23,50",119800,5098,2019,5/5,on,hyvä,"C,2013"
Tammela,"1h, kk, kph, parv.",kt,"28,50",136000,4772,1971,7/7,on,hyvä,"F,2013"
Hervanta,"1h, kt, wc/kph,...",kt,"32,50",146000,4492,2018,4/5,on,hyvä,
Hervanta,"2h, kph, k, las...",kt,"55,50",86000,1550,1977,9/12,on,hyvä,"F,2013"
Keskusta,"2h, kk, kph",kt,"43,00",194000,4512,1937,4/6,on,hyvä,
Pyynikki,"2h, k, s, p",kt,"49,00",249000,5082,2018,5/8,on,hyvä,C
Hervanta,"2h,k,s,lasitett...",kt,"53,00",127000,2396,1988,5/8,on,huono,"D,2007"
Risso,"2h, kt, kph, s,...",kt,"53,00",161000,3038,2014,4/4,on,hyvä,"C,2013"
Tesoma,"2h, k",kt,"51,50",62000,1204,1966,2/3,on,hyvä,
Tammela,"2h,k,kph,lasit.p.",kt,"55,50",186000,3351,1978,3/7,on,tyyd.,"E,2013"
Lentävänniemi,"2h,k,lasit.p.",kt,"59,00",95000,1610,1967,2/3,ei,hyvä,"G,2013"
Hämeenpuisto,"2h,kk,ransk.par...",kt,"44,00",155000,3523,1955,5/6,on, ,
Härmälänranta,"2h,kt",kt,"36,00",159001,4417,2019,2/3,ei,hyvä,"C,2013"
Irjala,2h+k+p,kt,"50,00",133000,2660,1971,2/3,on,hyvä,
Hämeenpuisto,"2h, k, kph, p",kt,"50,50",197942,3920,1965,2/6,on,hyvä,F
Peltolammi,"2h, kt, kph/wc,...",kt,"37,00",139400,3768,2019,6/6,on,hyvä,
Hervanta,1h+tupak+s+lasit.p,kt,"38,00",88500,2329,1987,2/5,on,tyyd.,"F,2013"
Vehmainen,"1h,kt",kt,"24,00",92001,3833,2019,2/4,on,hyvä,"C,2013"
Tesoma,1h+kt+kph+lasit...,kt,"27,50",118800,4320,2018,2/6,on,hyvä,
Härmälänranta,"1h, kt, las. p",kt,"27,50",139000,5055,2018,6/8,on,hyvä,"C,2013"
Hatanpää,"1h,alk,kt",kt,"29,00",158700,5472,2020,4/7,on,hyvä,"C,2013"
Kaleva,"2h, k, kph, vh,...",kt,"57,50",170167,2959,1961,2/6,on,hyvä,"F,2013"
Keskusta,"2h,kk,s",kt,"66,00",290000,4394,2008,4/4,on,hyvä,"F,2013"
Epilä,"2h, kk, p",kt,"46,50",100000,2151,1967,2/3,ei,tyyd.,
Tammela,"2h, k, kph, vh,...",kt,"49,00",175000,3571,1971,5/7,on,hyvä,"F,2013"
Keskusta,"2h, k, kph",kt,"56,10",170000,3030,1963,5/7,on,tyyd.,"D,2013"
Hervanta,"2h, k, kph, vh,...",kt,"62,00",80000,1290,1977,4/5,on,hyvä,"C,2007"
Lentävänniemi,2H+KT,kt,"43,00",151980,3534,2019,1/6,on,hyvä,"C,2013"
Koivistonkylä,2h+k,kt,"51,00",99900,1959,1961,3/6,on, ,"F,2013"
Hämeenpuisto,"2h,k,kph",kt,"55,00",167100,3038,1966,4/8,on,huono,"C,2007"
Viinikka,"2h,k",kt,"55,00",106000,1927,1950,1/2,ei,tyyd.,"F,2007"
Hatanpää,"2h, kt, kph, p",kt,"38,50",173700,4512,2019,1/7,on,hyvä,"C,2018"
Kaleva,"2h, kt, saunaos...",kt,"43,50",182000,4184,2007,2/8,on,hyvä,"E,2013"
Lentävänniemi,"2h, k, vh, kh, ...",kt,"57,50",62000,1078,1975,3/7,on,tyyd.,"D,2007"
Tahmela,"2h, k, s, p",kt,"63,50",170000,2677,1987,2/2,ei,hyvä,"G,2013"
Keskusta,2h+k+kph,kt,"43,00",175000,4070,1963,7/7,on,hyvä,
Keskusta,"2h, k, p",kt,"67,00",280000,4179,1901,2/6,on,tyyd.,"G,2013"
Kalkku,"2h, k, s",kt,"65,50",144000,2198,2008,2/2,ei,hyvä,"F,2013"
Tesoma,"2h, k,, kph, et...",kt,"56,70",87600,1545,1965,1/5,on,tyyd.,"F,2013"
Haapalinna,"2h, k, s",kt,"58,50",110000,1880,1990,1/3,on,hyvä,"C,2007"
Vuores,"2h, kk, s, taka...",kt,"38,50",121000,3143,2014,1/1,ei,hyvä,
Lentävänniemi,"2h, kt, psh, te...",kt,"39,00",139740,3583,2019,1/6,on,hyvä,
Multisilta,"2h, kt, parvi",kt,"39,00",149212,3826,2019,8/8,on, ,"B,2018"
Tammela,"2h, kk, p",kt,"43,50",141000,3241,1974,3/6,on,hyvä,
Amuri,"2h, k, kph, vh,...",kt,"57,50",161000,2800,1968,6/9,on,hyvä,"D,2007"
Linnainmaa,"2h, k, s, p, er...",kt,"62,50",140000,2240,1984,2/6,on,hyvä,"F,2013"
Peltolammi,2h+k+lasitettu ...,kt,"54,00",65000,1204,1970,1/3,ei,hyvä,"D,2013"
Hatanpää,2h+kt,kt,"37,00",183300,4954,2020,7/7,on,hyvä,"C,2013"
Linnainmaa,2h+kt+s+kph+las...,kt,"43,00",164900,3835,2018,6/7,on,hyvä,
Rantaperkiö,"2h, k, kph/wc, ...",kt,"57,00",109000,1912,1971,3/3,ei,tyyd.,"D,2007"
Kaleva,"2h, k, alk",kt,"56,00",160500,2866,1949,4/4,ei, ,"C,2007"
Lentävänniemi,2h+kt+s+lasitet...,kt,"44,00",144000,3273,2013,2/8,on,hyvä,"C,2013"
Hervanta,"2h, k, kph, p",kt,"54,00",87000,1611,1976,6/7,on,hyvä,"E,2013"
Hyhky,"2h, k, s, p",kt,"56,00",158000,2821,2004,6/7,on,hyvä,"E,2013"
Vehmainen,"2h,kt,s",kt,"61,00",193600,3174,2019,1/4,on,hyvä,"C,2013"
Tammela,2h+k+kh+las.par...,kt,"56,50",191000,3381,1973,1/7,on,hyvä,F
Vuores,Hallipaikka,kt,"12,50",1800,144,2017,1/6,on,hyvä,
Koivistonkylä,"1h, kk",kt,"25,00",82000,3280,1970,1/3,ei,hyvä,"E,2007"
Kaleva,"1h, kt, alkovi,...",kt,"32,00",165000,5156,2017,2/8,on,hyvä,C
Hakametsä,"1h, avok,kph/wc...",kt,"37,00",140500,3797,2013,2/6,on,hyvä,"C,2018"
Hervanta,1h+tupakeitti...,kt,"40,00",96691,2417,1988,2/3,ei,hyvä,"F,2013"
Vuores,1h+kt,kt,"25,00",111500,4460,2016,5/5,on,hyvä,"C,2013"
Amuri,"1h, kk, kph, vh",kt,"26,50",135500,5113,1963,1/6,ei,hyvä,
Kaleva,"2 h , k , p",kt,"57,00",175000,3070,1965,6/9,on,tyyd.,"G,2013"
Ratinanranta,"1h,tk,s,lasitet...",kt,"41,00",245751,5994,2009,3/5,on,hyvä,"F,2013"
Tesoma,"2h, k, kph, vh,...",kt,"58,50",92000,1573,1971,1/3,ei,hyvä,"D,2018"
Hervanta,"2 h, kt, vh, kp...",kt,"39,00",131900,3382,2019,2/8,on,hyvä,
Hatanpää,"2h, kk, ph/wc, ...",kt,"46,00",153000,3326,2001,1/4,on,hyvä,"F,2013"
Hatanpää,"2h, kk, s, lasi...",kt,"46,00",158000,3435,2000,4/5,on,hyvä,"F,2013"
Rahola,"2h,kt,kph",kt,"49,00",65000,1327,1958,5/6,on,tyyd.,"D,2007"
Lentävänniemi,"2h, avok, s, p",kt,"49,00",189900,3876,2019,2/2,on,hyvä,"C,2013"
Keskusta,"2h,k,s",kt,"50,00",250000,5000,2018,6/8,on,hyvä,
Järvensivu,"2h,k,kph,s",kt,"55,00",160000,2909,1989,2/2,ei,hyvä,
Vuores,"2h, kt",kt,"33,00",129978,3939,2020,4/5,on, ,"C,2013"
Haapalinna,"2h, avok, kph, ...",kt,"41,50",135600,3267,2006,3/6,ei,hyvä,"E,2013"
Keskusta,"2h,k,s",kt,"52,00",259000,4981,2018,4/8,on,hyvä,
Onkiniemi,"2h,k,kph,lasip",kt,"58,00",154000,2655,1972,2/4,on, ,"F,2013"
Keskusta,"2h,k,kph,vh,las...",kt,"58,00",151000,2603,1973,4/7,on, ,"G,2013"
Vehmainen,"2h,kt,s",kt,"45,00",150750,3350,2019,2/4,on,hyvä,"C,2013"
Hervanta,"2 h, kt, vh, kp...",kt,"39,00",133900,3433,2019,3/8,on,hyvä,
Tammela,"2h, k, p",kt,"52,50",150000,2857,1984,5/6,on,hyvä,"F,2013"
Kalkku,"2h, k, vh, kph,...",kt,"64,00",61000,953,1976,5/6,on,hyvä,"F,2013"
Keskusta,"2h, k, s",kt,"75,00",325000,4333,1910,3/5,ei,hyvä,"D,2007"
Keskusta,"2h,k,s",kt,"52,00",269000,5173,2018,6/8,on,hyvä,
Keskusta,"2h,kk,s",kt,"49,00",205000,4184,1997,7/8,on,tyyd.,"D,2007"
Keskusta,2h+k+p,kt,"62,00",196500,3169,1962,4/7,on,hyvä,"F,2013"
Kaukajärvi,"2h,k,p (las.)",kt,"57,00",108396,1902,1971,1/3,ei,tyyd.,"G,2013"
Härmälänranta,"2h,kt",kt,"36,00",157901,4386,2019,2/3,ei,hyvä,"C,2013"
Ristinarkku,"2h,kt",kt,"46,00",168400,3661,2019,3/7,on,hyvä,"C,2013"
Tammela,"2h, k, vh, eril...",kt,"57,50",222000,3861,1983,1/7,on,hyvä,
Hatanpää,"2h, kt",kt,"39,00",183200,4697,2019,3/7,on,hyvä,"C,2018"
Kaleva,"2h, k, kph",kt,"45,50",135000,2967,1956,1/4,ei,hyvä,"D,2007"
Vuores,"2h,kt,s,lasip",kt,"54,00",165000,3056,2017,4/6,on,hyvä,"C,2013"
Pyynikki,"2h, k, alkovi, ...",kt,"69,00",242000,3507,1928,4/6,on,hyvä,
Multisilta,"2h, kt",kt,"39,00",126144,3234,2019,4/8,on, ,"B,2018"
Hervanta,"2 h, kt, vh, kp...",kt,"39,00",141900,3638,2019,7/8,on,hyvä,
Järvensivu,Tupakeittiö...,kt,"39,50",153000,3873,2006,2/5,on,hyvä,"C,2007"
Amuri,"2h, k, kph, p",kt,"45,00",143000,3178,1955,2/6,on,hyvä,"G,2013"
Kissanmaa,"2h, kk, wc",kt,"42,30",81000,1915,1957,1/2,ei,tyyd.,
Keskusta,"2h,k,s",kt,"52,00",260000,5000,2018,5/8,on,hyvä,
Keskusta,"2h,kt",kt,"60,00",313500,5225,2018,4/8,on,hyvä,"C,2013"
Hervanta,"2h, k, kh/wc, s...",kt,"62,00",120000,1935,1987,1/5,on,hyvä,"C,2007"
Hervanta,"2 h, kt, vh, kp...",kt,"39,00",137900,3536,2019,5/8,on,hyvä,
Härmälänranta,"2h,kt,s",kt,"45,00",168750,3750,2018,5/7,on,hyvä,"C,2018"
Rautaharkko,"2h, k, kph, p",kt,"48,50",95000,1959,1973,2/2,ei,hyvä,"D,2007"
Kaukajärvi,"2,k,vh,lasip",kt,"52,00",82000,1577,1966,1/3,ei, ,E
Lentävänniemi,"2h,k,kph,las.p",kt,"59,00",115000,1949,1975,6/8,on,hyvä,"G,2013"
Tesomajärvi,2h+alkovi+k+kph...,kt,"61,00",86000,1410,1969,5/7,on,tyyd.,"E,2013"
Hervanta,2h+k+s,kt,"50,00",171500,3430,2014,9/16,on,hyvä,"B,2013"
Hatanpää,"3h, avok, s, ph...",kt,"58,50",192000,3282,2002,2/6,on,hyvä,F
Kaleva,"3h, k, kph, 2x ...",kt,"80,50",201000,2497,1965,8/9,on,hyvä,"F,2013"
Lentävänniemi,"3h,kt,s",kt,"66,00",309000,4682,2019,3/6,on, ,"C,2013"
Tammela,2h+k+parv,kt,"60,00",234000,3900,1970,5/7,on, ,"C,2013"
Hervanta,1h+tk+kph+lasit.p,kt,"37,00",93000,2514,2007,1/5,on,hyvä,"F,2013"
Lintuhytti,2h+kt+s,kt,"41,00",132000,3220,2019,1/2,ei,hyvä,
Viinikka,"2h, k, kph/wc",kt,"53,00",101000,1906,1951,1/2,ei,tyyd.,
Etu-kaleva,"2h, k, kh, et, p",kt,"58,40",176500,3022,1951,2/9,on,tyyd.,"F,2013"
Ristinarkku,"2h,k",kt,"40,00",158600,3965,2019,4/7,on,hyvä,"C,2013"
Lentävänniemi,"2h, kt, psh, p",kt,"48,00",189720,3953,2019,3/6,on,hyvä,
Pyynikki,2h+k+kph+vth+la...,kt,"48,50",200000,4124,1969,4/7,on,hyvä,"F,2013"
Hervanta,"2H,K,KPH,VH,LAS.P",kt,"60,00",85000,1417,1981,4/5,on, ,"F,2013"
Hervanta,"2h, k, kph, vh,...",kt,"54,00",83000,1537,1976,5/7,on,hyvä,"E,2013"
Tesoma,"2h, kk",kt,"54,50",77000,1413,1969,3/7,on,hyvä,"E,2013"
Vehmainen,"2h,kt",kt,"42,00",134400,3200,2019,4/4,on,hyvä,"C,2013"
Hervanta,"2h,avokeitti...",kt,"48,00",100000,2083,1988,1/3,ei,hyvä,"F,2013"
Härmälänranta,"2h,k,s,lasit.p",kt,"58,00",169000,2914,2011,1/4,on,hyvä,"D,2007"
Kalkku,2h+k+vh+kph+p,kt,"64,00",90000,1406,1975,6/6,on,hyvä,
Tesoma,"2h,kk",kt,"38,00",138900,3655,2018,8/8,on,hyvä,"C,2018"
Härmälä,"2h, k,erillinen...",kt,"54,00",98500,1824,1957,2/2,ei,hyvä,
Tampella,"2h, k, kph, s, ...",kt,"68,50",303000,4423,1997,6/6,on,hyvä,"E,2013"
Kaleva,"2 h, k, p",kt,"57,00",168000,2947,1965,4/9,on,tyyd.,"G,2013"
Koivistonkylä,"2h, k, ph, vh, ...",kt,"56,50",125000,2212,1970,1/3,ei,hyvä,
Tesoma,"2h,k,lasitettu ...",kt,"58,50",92000,1573,1969,2/3,on,hyvä,"E,2013"
Vehmainen,"2h,k",kt,"45,00",142401,3164,2019,3/4,on,hyvä,"C,2013"
Ristinarkku,"2h,kt",kt,"46,00",174900,3802,2019,5/7,on,hyvä,"C,2013"
Keskusta,"2h,tupakeitti...",kt,"50,00",229000,4580,1952,2/8,on,hyvä,"F,2007"
Pispala,"1h, kt, kph",kt,"21,00",73000,3476,1935,2/2,ei,hyvä,
Haukiluoma,"1h, kt, kph, la...",kt,"23,50",102000,4340,2017,4/4,on,hyvä,C
Hervanta,"1h, kt, kph, la...",kt,"25,50",104900,4114,2019,4/8,on,hyvä,
Hervanta,"1h, kt, kph, la...",kt,"25,50",105900,4153,2019,5/8,on,hyvä,
Hervanta,"1h, kt, kph, la...",kt,"25,50",105900,4153,2019,5/8,on,hyvä,
Kaleva,"1h, k, kph",kt,"31,30",128000,4089,1955,2/4,ei,tyyd.,"F,2013"
Rautaharkko,2h+k+kph,kt,"53,00",124000,2340,1953,1/2,ei,hyvä,
Niemenranta,"2h, kph, erill ...",kt,"48,00",139000,2896,2012,3/6,on,hyvä,"D,2013"
Tesoma,2h+kt+lasitettu...,kt,"37,00",137000,3703,2018,2/6,on, ,"C,2018"
Kaakinmaa,"2H,K,KPH,LAS.P",kt,"49,00",162000,3306,1963,1/6,on,tyyd.,"F,2013"
Kalkku,"2h,kk,s,kph,et",kt,"53,00",108500,2047,1993,5/5,on,hyvä,"D,2013"
Keskusta,"2h, kk, et, vh,...",kt,"53,00",205000,3868,1962,4/7,on,hyvä,
Tesoma,"2 h, k, kph, et...",kt,"56,70",99000,1746,1965,4/5,on,tyyd.,"F,2013"
Hatanpää,"2h,k,s,p",kt,"58,00",177000,3052,2000,4/5,on,hyvä,"C,2007"
Armonkallio,"2h,k",kt,"55,00",164000,2982,1940,3/6,on,hyvä,"B,2007"
Rahola,"2h, kt, kph, la...",kt,"47,00",137000,2915,2014,3/5,on,hyvä,"B,2018"
Kaleva,"2h, k, p",kt,"53,10",127000,2392,1960,5/6,on,huono,"G,2013"
Kaleva,"2-3h,kk,p",kt,"58,00",165000,2845,1956,1/6,on, ,"D,2007"
Hervanta,"2h,kt,s,vh,lasi...",kt,"36,00",95000,2639,1989,6/6,on,hyvä,
Hervanta,"2h, k, kph, vh, p",kt,"57,50",83000,1443,1979,4/7,on,hyvä,
Keskusta,"2h,kt,kph,vh",kt,"51,00",180000,3529,1965,6/7,on,hyvä,"F,2013"
Pyynikintori,"2h, k, kph",kt,"63,00",265000,4206,1932,2/7,on,hyvä,
Keskusta,"2h,kt",kt,"36,00",234650,6518,2018,5/8,on,hyvä,"C,2013"
Niemenranta,"2h, kk, ph, s, ...",kt,"43,50",165500,3805,2015,7/8,on,hyvä,
Hervanta,"2h,avokeitti...",kt,"48,00",99500,2073,1988,1/3,ei,tyyd.,"F,2013"
Lentävänniemi,"2h,kt,s, lasite...",kt,"44,00",149000,3386,2013,3/8,on,hyvä,"C,2013"
Kaleva,"2h,avokeitti...",kt,"53,00",177000,3340,1958,1/6,on,hyvä,"D,2007"
Linnainmaa,2h+k+s,kt,"63,00",125000,1984,1995,1/5,on,hyvä,"D,2007"
Vuores,2h+kt+kph+ransk...,kt,"35,00",125500,3586,2018,3/4,on,hyvä,
Keskusta,"2h, k",kt,"51,00",185000,3627,1958,2/4,on,hyvä,"D,2013"
Keskusta,"2h, k, vh",kt,"55,00",183000,3327,1963,7/7,on,hyvä,"D,2013"
Keskusta,"2h, k, kh",kt,"57,50",230000,4000,1956,6/7,on,hyvä,"D,2007"
Kaleva,"2h,kt,vh,p",kt,"37,00",161040,4352,2018,1/6,on, ,"C,2013"
Kaleva,"2h, pk, p",kt,"42,50",145000,3412,1963,1/6,on,hyvä,"F,2013"
Vuores,"2h,kk,s",kt,"44,00",144000,3273,2014,1/2,ei,hyvä,"C,2013"
Kaleva,"2h, kt, vh, p",kt,"45,50",173290,3809,2018,1/6,on,hyvä,C
Lapinniemi,"2h, kk, s, kph,...",kt,"79,50",274000,3447,1899,6/6,on,hyvä,"F,2007"
Kaleva,"2h, kk",kt,"43,00",129747,3017,1953,2/3,ei,tyyd.,"C,2007"
Ranta-tampella,"2-3h, kt, s, vh",kt,"70,00",302857,4327,2019,1/8,ei, ,"C,2018"
Vehmainen,"2h,kt,s",kt,"45,00",150750,3350,2019,2/4,on,hyvä,"C,2013"
Atala,"2h, kk, s, lasi...",kt,"59,50",144000,2420,2005,4/4,on,hyvä,"B,2007"
Lentävänniemi,"2h, k, kph, las...",kt,"62,50",110000,1760,1978,3/6,on,hyvä,"D,2007"
Pyynikki,"2h,k,kph,s,wc,l...",kt,"63,00",205000,3254,1991,4/5,on,hyvä,"F,2013"
Hallila,"3h,k,s",kt,"79,00",140000,1772,1991,3/6,on, ,"B,2007"
Hervanta,"2 h, kt, vh, kp...",kt,"42,00",139900,3331,2019,2/8,on,hyvä,
Tesoma,"2h,kk",kt,"41,00",139300,3398,2018,6/8,on,hyvä,C
Kaleva,2h+k+s,kt,"67,00",209000,3119,1993,3/7,on,hyvä,E
Amuri,"2h,k,kph,vh,p",kt,"58,00",150000,2586,1958,2/7,on,tyyd.,"D,2007"
Hervanta,"2h, kt, kph, pa...",kt,"38,50",132900,3452,2019,3/8,on,hyvä,
Hervanta,"2h, kt, kph, pa...",kt,"38,50",136900,3556,2019,5/8,on,hyvä,
Hervanta,"2 h, kt, kph, p...",kt,"39,50",134900,3415,2019,3/8,on,hyvä,
Janka,2h+kk+s+vh+parveke,kt,"47,00",115000,2447,1991,1/4,on,tyyd.,"D,2007"
Lentävänniemi,"3h, k, kph/s, w...",kt,"72,00",135000,1875,1975,6/6,on,hyvä,"C,2007"
Hervanta,3h+k+kph+s+vh+l...,kt,"74,00",95000,1284,1977,4/8,on,hyvä,"E,2013"
Kaleva,"3h, avok, kph",kt,"53,50",192000,3589,1954,2/7,on,hyvä,
Villilä,"3h, k, wc, kh, ...",kt,"79,50",225000,2830,2004,1/2,ei,hyvä,"D,2007"
Hämeenpuisto,2-3h+k+s+lasite...,kt,"71,00",316000,4451,1981,8/8,on,hyvä,"D,2013"
Härmälänranta,"3-4 h, kt, kph/...",kt,"70,50",280000,3972,2017,4/6,on,hyvä,"C,2013"
Ranta-tampella,"3h, kt, s, wc",kt,"77,00",400022,5195,2019,3/8,ei, ,"C,2018"
Kaleva,"3h, k, p",kt,"72,00",224000,3111,1958,6/7,on,hyvä,"G,2013"
Hervanta,"3h, k, s, p(las.)",kt,"78,50",109000,1389,1984,1/5,on,hyvä,"F,2013"
Tasanne,"2h, kt, kph, s",kt,"50,00",159890,3198,2018,1/2,ei,hyvä,A
Ratina,"2h,kk,kph,s,las...",kt,"51,00",235000,4608,2012,2/9,on,hyvä,"B,2007"
Hervanta,"2h,k,kph,s,vh,l...",kt,"65,00",126000,1938,1984,5/5,on,hyvä,"F,2013"
Hatanpää,"2h, kt",kt,"38,50",173700,4512,2019,2/7,on,hyvä,"C,2018"
Viiala,"1h,tk,s",kt,"40,00",119000,2975,2000,1/2,ei,hyvä,"F,2013"
Linnainmaa,2h+kt+s+kph+las...,kt,"43,00",158000,3674,2018,4/7,on,hyvä,
Pyynikki,"2h, k, kph, vh",kt,"45,00",165000,3667,1962,6/6,on,hyvä,F
Hyhky,"2h,k,kph,las.p",kt,"50,00",122370,2447,1964,6/6,on,hyvä,"C,2007"
Hatanpää,"2h,kt,kph,s,las...",kt,"65,00",194000,2985,2008,2/7,on,hyvä,"D,2013"
Hervanta,"2 h, kt, kph, p...",kt,"39,50",140900,3567,2019,6/8,on,hyvä,
Amuri,"2h,k,kph,p",kt,"49,50",164000,3313,1950,4/6,on,tyyd.,"F,2013"
Linnainmaa,"Tupak, mh, kph/...",kt,"44,50",134000,3011,2006,1/5,on,hyvä,"E,2013"
Vuores,"2h, kt, kph/wc,...",kt,"44,50",140000,3146,2013,3/5,on,hyvä,
Kissanmaa,"2h, k, kph, vh, p",kt,"51,50",100000,1942,1958,1/2,ei,hyvä,
Vehmainen,"2h,kt,s",kt,"45,00",153001,3400,2019,3/4,on,hyvä,"C,2013"
Hervanta,"2h, kt, kph, pa...",kt,"38,50",134900,3504,2019,4/8,on,hyvä,
Atala,"2h, k, kph, s, ...",kt,"63,00",125000,1984,1990,2/2,ei,hyvä,
Ratina,2h+kk+s,kt,"44,00",211000,4795,2011,2/5,on,hyvä,
Tammela,"2h, kk, kph, vh, p",kt,"55,00",167000,3036,1967,2/7,ei,hyvä,"E,2013"
Hervanta,"1h, kt, kph, pa...",kt,"25,50",107900,4231,2019,7/8,on,hyvä,
Tammela,"1h, kk, alkovi,...",kt,"30,50",135000,4426,1974,5/7,on,hyvä,"D,2013"
Hervanta,"1h, kt, kph, la...",kt,"25,50",114500,4490,2019,2/8,on,hyvä,
Lamminpää,"1h, k, alkovi, kph",kt,"36,00",67000,1861,1948,2/2,ei,hyvä,
Hervanta,"1h, kt, kph, la...",kt,"25,50",104900,4114,2019,4/8,on,hyvä,
Linnainmaa,"2h,k,kph,s,las.p",kt,"59,00",125000,2119,2001,1/5,on,hyvä,"D,2013"
Hervanta,"2 h, k, s, p",kt,"59,00",161000,2729,2007,4/8,on,hyvä,"E,2007"
Pyynikki,"2h, k, s, p",kt,"60,00",368400,6140,2018,10/10,on,hyvä,C
Kissanmaa,2h+kk,kt,"44,00",105000,2386,1959,3/3,ei,tyyd.,"D,2007"
Kaleva,2h+kk,kt,"48,00",166000,3458,1954,2/4,ei,hyvä,
Hervanta,"2h,k,s,lasit.p",kt,"52,00",164000,3154,2013,2/6,on,hyvä,"C,2013"
Kalkku,"2h, k,",kt,"64,00",80000,1250,1977,5/6,on,hyvä,"G,2013"
Pohtola,"2h, kk, kph, la...",kt,"39,00",140450,3601,2019,5/5,on,hyvä,"C,2013"
Kaakinmaa,"2h, k, kh, las.p",kt,"49,50",200000,4040,1959,4/6,on,hyvä,
Rantaperkiö,2h+k,kt,"53,00",122000,2302,1961,2/2,ei,hyvä,"D,2007"
Amuri,"2h, k, kph, vh,...",kt,"57,50",229000,3983,1968, ,on,hyvä,"D,2007"
Kaleva,"2h,k,kph",kt,"58,00",158000,2724,1956,1/7,on,hyvä,"G,2013"
Hallila,2h+k+s,kt,"59,50",136000,2286,1991,4/5,on,hyvä,
Käpylä,2h+k+s+kph+wc+v...,kt,"75,50",325700,4314,1937,6/6,on,hyvä,
Tesoma,"2h,k,kph,las.p",kt,"57,00",88500,1553,1965,3/5,on, ,"F,2013"
Kaleva,"2h,k",kt,"57,00",145000,2544,1955,2/4,ei, ,"F,2013"
Hervanta,"2h, k, kph, s, ...",kt,"59,50",129000,2168,1991,1/2,ei,hyvä,"E,2007"
Tesoma,"2h,kk",kt,"43,00",133600,3107,2018,2/8,on,hyvä,"C,2018"
Kaleva,"2h,k,lasit.p",kt,"53,00",180000,3396,1957,4/6,on,hyvä,"D,2007"
Lentävänniemi,"2h, k, kph, p",kt,"59,00",103000,1746,1975,2/8,on,hyvä,"G,2013"
Hervanta,"2h,k,kph,vh,las.p",kt,"60,00",68000,1133,1976,1/8,on,huono,"F,2013"
Pyynikki,"2h,k,wc,kph,s,v...",kt,"62,00",172000,2774,2000,1/6,on,hyvä,"B,2013"
Peltolammi,"2h, kk, kph/wc,...",kt,"41,00",150100,3661,2019,4/6,on,hyvä,
Niemenranta,"2h, kk, s",kt,"45,60",175000,3838,2017,-1/6,on,hyvä,
Tammela,2h+k/rt+kph/wc,kt,"60,50",212000,3504,1976,5/6,on,hyvä,"E,2013"
Rahola,"2h,k",kt,"42,00",50000,1190,1946,2/2,ei, ,
Hyhky,"2h, k, rp",kt,"44,50",147000,3303,2014,2/2,ei,hyvä,"C,2007"
Tesoma,"2h,kk",kt,"41,00",135596,3307,2018,4/8,on,hyvä,"C,2018"
Tesoma,"2h,kk",kt,"43,00",126500,2942,2018,1/8,on,hyvä,"C,2018"
Amuri,"2h, k, p",kt,"55,50",240000,4324,1964,5/10,on,hyvä,"E,2013"
Hämeenpuisto,"3 h,k,kph,vh,parv.",kt,"74,00",274000,3703,1957,7/7,on,hyvä,"G,2013"
Hervanta,"3h,k,lasit.p",kt,"76,00",85000,1118,1976,3/5,on,tyyd.,"F,2013"
Hervanta,3h+k,kt,"76,00",89000,1171,1974,4/7,on,tyyd.,"D,2013"
Härmälänranta,"3h+k+s, las, p",kt,"63,00",282000,4476,2018,5/6,on,hyvä,"C,2013"
Lentävänniemi,3h+k+vh+parveke,kt,"73,00",102000,1397,1979,1/3,on,hyvä,"F,2013"
Armonkallio,"2h, k",kt,"52,50",180000,3429,1963,1/5,on,hyvä,
Härmälä,"2h,k,kph,s,vh,l...",kt,"53,50",185000,3458,2006,4/5,on,hyvä,"D,2013"
Keskusta,"2h,k,s",kt,"50,00",241000,4820,2018,3/8,on,hyvä,
Kaleva,2h+kt+kph+lasit...,kt,"35,00",182000,5200,2018,2/6,on,hyvä,
Hervanta,"2h, kt, kph, pa...",kt,"38,50",130900,3400,2019,2/8,on,hyvä,
Rautaharkko,"2h, kk, kph/wc, p",kt,"45,00",105000,2333,1969,1/3,ei,hyvä,
Vuores,"2h, kt, s, lasi...",kt,"52,50",152500,2905,2013,3/5,on,hyvä,"A,2007"
Keskusta,"3 h, avokeitti&...",kt,"68,00",253000,3721,1972,2/3,on,hyvä,
Kaleva,"2h, k, kph, p",kt,"49,00",160000,3265,1949,2/4,ei,hyvä,"C,2007"
Hatanpää,"3h,kt",kt,"51,00",198700,3896,2020,3/7,on,hyvä,"C,2013"
Lentävänniemi,3h+k+lasit. par...,kt,"73,00",104500,1432,1979,2/3,on, ,"F,2013"
Lentävänniemi,"3h, kt, s, p",kt,"63,00",289500,4595,2018,5/6,on,hyvä,"C,2013"
Hervanta,"3h, k, kph, s, ...",kt,"74,00",165000,2230,2006,3/4,on,hyvä,
Rantaperkiö,"3h, k, kph, vh",kt,"80,00",142500,1781,1961,3/3,ei,hyvä,"D,2007"
Tampella,"3 h, k, kph/wc,...",kt,"80,00",365000,4563,2007,4/6,on,hyvä,
Armonkallio,2h+k,kt,"55,00",152000,2764,1960,2/3,ei, ,"G,2013"
Linnainmaa,"2h, kt, kph, s,...",kt,"43,00",166000,3860,2018,4/7,on,hyvä,
Tasanne,"2h, kt, kph, s",kt,"50,00",154890,3098,2018,1/2,ei,hyvä,A
Pyynikki,"2h, k, vh, kph",kt,"51,00",189000,3706,1972,2/7,on,hyvä,"G,2013"
Hervanta,"2h, k, kph, s, ...",kt,"61,00",136500,2238,1991,5/8,on,hyvä,
Lentävänniemi,"2h, k, p, lasit...",kt,"62,50",131000,2096,1978,6/6,on,hyvä,
Vehmainen,"2h,kt,s",kt,"45,00",153001,3400,2019,3/4,on,hyvä,"C,2013"
Tasanne,"2h, kt, kph, s",kt,"50,00",154890,3098,2018,1/2,ei,hyvä,A
Kaleva,"2h,pk",kt,"49,00",131000,2673,1949,2/4,ei,huono,"C,2007"
Tampella,"2h, k, s, vh",kt,"51,50",180000,3495,1972,2/5,on,hyvä,"E,2013"
Pyynikki,"2h, k, kph, eri...",kt,"62,50",213000,3408,1926,2/2,ei,hyvä,
Pyynikki,"2h, k, kph/wc",kt,"68,00",242000,3559,1928,5/6,on,hyvä,"F,2013"
Kaleva,"2h,k",kt,"44,00",141000,3205,1948,1/4,ei, ,"G,2013"
Kaukajärvi-,"2h, k, kph, s, ...",kt,"51,50",163000,3165,2006,8/8,on,hyvä,
Kaleva,"2h, k, kh, las. p",kt,"59,50",161000,2706,1956,4/4,ei,hyvä,"D,2007"
Armonkallio,"2h,k,kph,vh",kt,"46,00",120000,2609,1970,3/3,ei,tyyd.,"F,2013"
Hervanta,"2 h , k , p",kt,"62,00",65000,1048,1977,5/5,on,huono,"C,2007"
Ristinarkku,"2h,k",kt,"38,00",148800,3916,2019,2/7,on,hyvä,"C,2013"
Ristinarkku,"2h,k",kt,"40,00",152400,3810,2019,2/7,on,hyvä,"C,2013"
Ristinarkku,"2h,k",kt,"40,00",161700,4043,2019,5/7,on,hyvä,"C,2013"
Ristinarkku,"2h,k",kt,"40,00",161700,4043,2019,5/7,on,hyvä,"C,2013"
Ristinarkku,"2h,k",kt,"40,00",166400,4160,2019,6/7,on,hyvä,"C,2013"
Vehmainen,"2h,k",kt,"45,00",140175,3115,2019,2/4,on,hyvä,"C,2013"
Haukiluoma,autopaikka,kt,"12,50",2500,200,2017,1/4,on,hyvä,
Vuores,"1h, k, kph, ran...",kt,"29,50",113000,3831,2017,3/6,on,hyvä,
Vuores,"1h, alkovi, k, ...",kt,"33,50",110000,3284,2015,6/7,on,tyyd.,C
Hatanpää,"1h,tk,s",kt,"45,00",154000,3422,2002,1/4,on, ,"D,2007"
Vuores,autopistokepaikka,kt,"5,00",300,60,2018,1/1,ei,hyvä,C
Ratinanranta,varasto,kt,"7,00",3000,429,2011,1/5,on,hyvä,"E,2013"
Nekala,"1h, k, kph",kt,"32,00",87000,2719,1941,2/2,ei,hyvä,G
Järvensivu,"1h,s,terassi",kt,"34,00",138000,4059,2006,1/5,on,hyvä,E
Hervanta,"1h, kt, kph, la...",kt,"25,50",105900,4153,2019,5/8,on,hyvä,
Linnainmaa,2h+k+s,kt,"60,00",125000,2083,1991,3/3,ei, ,"E,2013"
Tampella,"2h, k, s, kph, ...",kt,"64,00",250000,3906,1997,5/6,on,hyvä,"E,2013"
Amuri,"2h, k, s, p, vh",kt,"48,50",196000,4041,2000,6/7,on,hyvä,
Hervanta,"2 h, k, p",kt,"60,00",89600,1493,1978,6/8,on,hyvä,"F,2013"
Härmälänranta,2h+kt+s+lasitet...,kt,"45,00",179501,3989,2018,2/7,on,hyvä,"C,2018"
Kaleva,"2h,kt,vh,p",kt,"46,00",184000,4000,2018,5/6,on,hyvä,"C,2013"
Viinikka,"2h,k,wc/kph",kt,"58,00",98000,1690,1948,1/2,ei,hyvä,
Nekala,"2h, kk, kph, vh",kt,"45,50",93000,2044,1971,1/3,ei,hyvä,
Haapalinna,"2h, k, s, p",kt,"63,50",110000,1732,1989,3/4,on,hyvä,"B,2007"
Härmälänranta,"2h, kt",kt,"29,00",129900,4479,2019,1/3,ei,hyvä,"C,2013"
Kaleva,"2h, k, kph, p",kt,"44,00",166000,3773,1954,5/6,on,hyvä,
Tampella,"k, oh, mh, kph,...",kt,"55,00",225000,4091,1997,3/6,on,hyvä,"E,2013"
Kaleva,"2h, k, kph, vh,...",kt,"61,00",177000,2902,1958,2/3,ei,hyvä,"F,2013"
Vuores,"2h,kt,s,parveke",kt,"54,00",152500,2824,2012,2/4,on,hyvä,"C,2013"
Kaleva,"2h,k",kt,"56,00",165000,2946,1954,1/4,ei,tyyd.,
Tesoma,"2h,kk",kt,"41,00",133100,3246,2018,2/8,on,hyvä,"C,2018"
Multisilta,"2h, kt",kt,"39,00",127020,3257,2019,5/8,on, ,"B,2018"
Tasanne,"2h, kt, kph, s",kt,"50,00",154890,3098,2018,1/2,ei,hyvä,A
Holvasti,2h+kk+s+lasitet...,kt,"49,00",125000,2551,2003,3/4,on, ,"F,2013"
Tesoma,"2h,kk",kt,"43,00",135600,3153,2018,3/8,on,hyvä,"C,2018"
Peltolammi,"2h, k, kph/wc, ...",kt,"53,50",84300,1576,1967,1/3,ei,hyvä,"E,2007"
Kaleva,"2h, avok, s, kp...",kt,"42,50",221000,5200,2016,8/9,on,hyvä,"C,2013"
Hervanta,2h+kk+kph,kt,"48,00",55000,1146,1975,1/6,on,tyyd.,"E,2013"
Hervanta,"2 h , k , s , p",kt,"49,00",170000,3469,2014,7/16,on,hyvä,"B,2007"
Kaleva,"2h, avok, p",kt,"50,00",175000,3500,1964,5/9,on,hyvä,
Rautaharkko,"2h, k, kph/wc, ...",kt,"53,00",106000,2000,1969,2/3,ei,hyvä,"F,2013"
Hatanpää,2H+KT,kt,"39,50",172700,4372,2019,2/7,on,hyvä,"C,2018"
Hakametsä,"2h, k, s, vh, rp",kt,"45,50",152000,3341,2012,2/6,on,hyvä,"D,2013"
Kaukajärvi,"2h,kk,kph,vh,la...",kt,"50,00",99500,1990,1971,1/3,ei, ,"D,2007"
Kaleva,"2h,k",kt,"50,00",142000,2840,1964,1/9,on,tyyd.,"E,2013"
Kissanmaa,"2h, k, kph, p",kt,"50,50",130000,2574,1958,2/2,ei,hyvä,
Tammela,"2h,k,s,kph,vh,p...",kt,"57,00",168000,2947,1983,4/6,on, ,"G,2013"
Hatanpää,"2h, k, s, kph, ...",kt,"54,00",155000,2870,2000,3/5,on,hyvä,"F,2013"
Hervanta,"2h, kt, kph",kt,"38,50",125900,3270,2019,2/8,on,hyvä,
Hervanta,"2 h, kt, vh, kp...",kt,"39,00",129900,3331,2019,1/8,on,hyvä,
Hervanta,"2 h, kt, vh, kp...",kt,"39,00",135900,3485,2019,4/8,on,hyvä,
Lentävänniemi,"2h, avok, s, p",kt,"44,00",177300,4030,2019,4/6,on,hyvä,"C,2013"
Kaakinmaa,"2h, kk, kph, vh...",kt,"53,00",190000,3585,1967,2/7,on,hyvä,
Hervanta,2h+k+kph+vh+par...,kt,"62,00",75000,1210,1974,3/7,on, ,"D,2018"
Lentävänniemi,"3h, k, s, p",kt,"75,00",299800,3997,2019,6/6,on,hyvä,"C,2013"
Tampella,3h+k+wc+kph+sau...,kt,"78,00",338000,4333,2008,5/12,on,hyvä,"D,2013"
Keskusta,"3h, k, las. p",kt,"62,00",210000,3387,1965,2/7,on,hyvä,"F,2013"
Kaukajärvi,"3h,k,s",kt,"70,00",174000,2486,2005,4/6,on,hyvä,"D,2013"
Kaukajärvi,"3h, k, kph/wc, ...",kt,"78,50",149000,1898,1968,6/9,on,hyvä,
Härmälänranta,"3h,k,s,p,lä...",kt,"90,00",350000,3889,2012,2/6,on,hyvä,"A,2007"
Tammela,"3h, k, s, vh, parv",kt,"85,50",343000,4012,2006,1/4,on,hyvä,"C,2007"
Janka,"3h,k,s",kt,"74,00",185000,2500,2005,2/3,on,hyvä,"E,2013"
Rahola,"3h,k,s",kt,"80,00",218000,2725,2012,3/7,on,hyvä,"D,2013"
Tesomajärvi,2h+k+vth+lasit.p.,kt,"61,00",81000,1328,1970,2/7,on,tyyd.,"G,2013"
Vuores,2h+kt,kt,"33,50",121980,3641,2017,3/6,on,hyvä,
Haukiluoma,"2h, kt, terassi...",kt,"39,50",117010,2962,2017,1/4,on,hyvä,C
Hyhky,"2h,k,s",kt,"47,00",129000,2745,1986,1/2,ei,hyvä,"F,2013"
Hervanta,"2h, kk",kt,"48,00",67000,1396,1976,2/5,on,tyyd.,"F,2013"
Amuri,"2 h, k, kph/wc, vh",kt,"52,00",160000,3077,1945,4/4,ei,hyvä,
Hatanpää,"2h,kk,s",kt,"52,00",164000,3154,2002,1/6,on,hyvä,F
Lentävänniemi,"3h, kt, s, p",kt,"78,50",329700,4200,2019,3/5,on,hyvä,"C,2013"
Kaleva,"3h, k,kph, wc, ...",kt,"71,50",266000,3720,2007,3/8,on,hyvä,"E,2013"
Uusikylä,"3h, k, kph, 2vh...",kt,"64,50",162000,2512,1967,3/3,ei,hyvä,
Lentävänniemi,"3h, kt, s, p",kt,"68,00",292400,4300,2019,3/5,on,hyvä,"C,2013"
Hatanpää,"3h,k,s",kt,"78,00",195000,2500,1999,2/4,on,tyyd.,"C,2007"
Pyynikki,"3h, k, 2xwc, kp...",kt,"81,00",255000,3148,1921,2/2,ei,hyvä,"G,2013"
Hyhky,3h+k+s,kt,"65,00",181000,2785,1982,1/2,ei,hyvä,"G,2013"
Hervanta,3h+k+kph+lasit....,kt,"75,00",106200,1416,1975,6/8,on,hyvä,F
Rahola,"2h, k, ph, p",kt,"51,00",85000,1667,1965,3/3,on,hyvä,"F,2007"
Annala,2h+k,kt,"55,50",79000,1423,1974,3/3,ei,tyyd.,"F,2013"
Härmälänranta,"2h,kt",kt,"36,00",146836,4079,2019,2/3,ei,hyvä,"C,2013"
Härmälänranta,"2h,kt",kt,"36,00",146836,4079,2019,2/3,ei,hyvä,"C,2013"
Härmälänranta,"2h+k, las. p",kt,"46,50",193700,4166,2018,2/6,on,hyvä,"C,2013"
Kaleva,"2h, k, kph/wc",kt,"50,50",118000,2337,1959,3/3,ei,hyvä,"F,2013"
Koivistonkylä,"2h, k, kph",kt,"53,00",92500,1745,1929,2/2,ei,hyvä,
Kalkku,"3h,k,lasit p",kt,"80,00",129100,1614,1977,1/6,on,hyvä,"G,2013"
Kaleva,"3h, k, kph/wc, ...",kt,"80,50",230000,2857,1965,8/9,on,hyvä,"F,2013"
Kaakinmaa,"3h, k, kph, parv.",kt,"72,00",235000,3264,1963,5/7,on, ,"D,2013"
Ristinarkku,3h+k+s+lasitett...,kt,"79,00",175000,2215,1994,3/4,on,hyvä,"E,2013"
Annala,"3h, k, kph, vh,...",kt,"74,00",98410,1330,1981,1/3,ei,hyvä,
Koivistonkylä,"3h,k,p",kt,"76,00",140000,1842,1970,2/3,ei,tyyd.,"E,2013"
Niemenranta,"3h, k, s, p",kt,"79,00",290000,3671,2014,5/8,on,hyvä,"B,2018"
Hatanpää,"2h, kt",kt,"38,50",175700,4564,2019,3/7,on,hyvä,"C,2018"
Hatanpää,"2h, kt",kt,"38,50",177200,4603,2019,4/7,on,hyvä,"C,2018"
Hatanpää,"2h, kt",kt,"39,50",178200,4511,2019,5/7,on,hyvä,"C,2018"
Järvensivu,"2h, kk, kph/wc,...",kt,"46,00",180000,3913,2007,1/8,on,hyvä,F
Tasanne,"2h, kt, kph, s",kt,"50,00",159890,3198,2018,1/2,ei,hyvä,A
Keskusta,"2h, kk, parveke",kt,"49,00",200000,4082,1967,6/7,ei,hyvä,"C,2007"
Kaleva,2h+k,kt,"56,00",165000,2946,1964,3/6,on, ,"C,2007"
Hervanta,"2h,k,s",kt,"49,00",165000,3367,2014,8/16,on,hyvä,"B,2013"
Tesoma,"2h,kk",kt,"43,00",136900,3184,2018,4/8,on,hyvä,"C,2018"
Kaleva,"2h,k,kph,vh,p",kt,"51,00",161000,3157,1963,5/6,on, ,"F,2013"
Tammela,"2h, k, kph/ wc,...",kt,"52,50",159000,3029,1968,3/6,on,tyyd.,
Ristinarkku,"2h,kt",kt,"46,00",168400,3661,2019,3/7,on,hyvä,"C,2013"
Ristinarkku,"2h,kt",kt,"46,00",179900,3911,2019,6/7,on,hyvä,"C,2013"
Kaleva,"2h,k, kph, parv...",kt,"53,00",144000,2717,1960,1/6,on,hyvä,"G,2013"
Viinikka,"2h, k, kph, vh",kt,"58,00",119000,2052,1948,2/3,ei, ,"F,2013"
Hervanta,2h+k+kph+s+lasi...,kt,"61,00",118800,1948,1985,5/5,on,hyvä,"F,2013"
Peltolammi,"2h, kt, kph/wc,...",kt,"36,00",125200,3478,2019,1/6,on,hyvä,
Hervanta,"1h, kt, kph, la...",kt,"25,50",106900,4192,2019,6/8,on,hyvä,
Tammela,"1h, kk, kh",kt,"26,50",129500,4887,1975,5/7,on,hyvä,"F,2013"
Tammela,"1h,kk,lasitettu...",kt,"29,00",102000,3517,1971,2/6,on,tyyd.,F
Kaukajärvi,"1h, tpk, lasit....",kt,"32,50",127000,3908,2018,4/8,on,hyvä,
Petsamo,1h+k,kt,"34,00",95000,2794,1937,2/2,ei,hyvä,"F,2013"
Hervanta,"1h, kt, kph, la...",kt,"25,50",98900,3878,2019,2/8,on,hyvä,
Härmälänranta,"2h+k, s, las. p",kt,"55,50",230000,4144,2018,6/6,on,hyvä,"C,2013"
Tammela,"2h, k, kph, vh,...",kt,"57,00",169000,2965,1983,4/6,on, ,"G,2018"
Tammela,"2h,k,s,lasip",kt,"59,00",175000,2966,1983,6/7,on, ,"D,2013"
Tammela,"2 h, kk, kph, p",kt,"41,50",146000,3518,1972,4/7,on,tyyd.,"F,2007"
Niemenranta,"2h, kk",kt,"43,00",167000,3884,2017,3/6,on,hyvä,
Multisilta,"2h,k,kph,2xVh,l...",kt,"62,00",85500,1379,1970,3/3,ei, ,"F,2013"
Tampella,"2h,k,s,las.p.",kt,"45,00",220000,4889,2002,5/6,on,hyvä,"E,2013"
Tammela,2h+k+s+las.p,kt,"59,00",176000,2983,1984,1/6,on,tyyd.,"C,2007"
Muotiala,"2h,avokeitti...",kt,"48,00",162000,3375,2004,3/3,on,hyvä,"F,2013"
Tammela,"2h, k, kph, vh,...",kt,"55,50",195000,3514,1967,6/7,on,hyvä,"D,2007"
Keskusta,"2h, k, p",kt,"64,00",250000,3906,1966,6/7,on,hyvä,
Tesoma,"2h,kk",kt,"38,00",133600,3516,2018,6/8,on,hyvä,"C,2018"
Hatanpää,"2h, kt",kt,"44,00",181200,4118,2019,1/7,on,hyvä,"C,2018"
Lentävänniemi,"2h, k, kph, p",kt,"59,50",92000,1546,1970,6/7,on,hyvä,
Leinola,"2h, kk, kph, s",kt,"38,00",99900,2629,2004,2/4,on, ,"E,2013"
Kissanmaa,2h+k+kh,kt,"49,00",131000,2673,1955,2/3,ei,hyvä,
Keskusta,"2h, k, kph, s, ...",kt,"56,50",225000,3982,1998,4/7,on,hyvä,"F,2013"
Multisilta,"2h, kt",kt,"39,00",128188,3287,2019,6/8,on, ,"B,2018"
Multisilta,"2h, kt",kt,"39,00",129940,3332,2019,7/8,on, ,"B,2018"
Hervanta,"2h, kt, kph, pa...",kt,"38,50",134900,3504,2019,4/8,on,hyvä,
Hervanta,"2h,k,las.p.",kt,"60,00",89000,1483,1978,5/8,on,hyvä,"F,2013"
Hervanta,3h+k+s+p (las.),kt,"63,50",183000,2882,2013,3/16,on,hyvä,"D,2013"
Tesoma,"3h,k,kph,las.p",kt,"66,00",96000,1455,1965,1/7,on, ,D
Rautaharkko,"3h, k, kph, vh, p",kt,"75,50",137000,1815,1973,1/2,ei,hyvä,"D,2007"
Linnainmaa,3h+k+s+lasitett...,kt,"76,00",166000,2184,1979,4/5,on,hyvä,"F,2018"
Lentävänniemi,"3h, kt, s, p",kt,"68,00",286400,4212,2019,2/5,on,hyvä,"C,2013"
Niemenranta,"3 h, k, s, p",kt,"79,00",220000,2785,2014,2/8,ei,hyvä,
Lentävänniemi,"3h,kt,s",kt,"64,00",273000,4266,2018,1/6,on, ,C
Lentävänniemi,"3h, k, kph, 2 x vh",kt,"77,00",96000,1247,1967,2/3,ei,hyvä,"G,2013"
Tammela,"3h, k, kph, vh,...",kt,"66,50",230000,3459,1973,3/7,on,hyvä,"D,2013"
Vuores,"2h, k, kph, s, ...",kt,"54,00",175000,3241,2014,2/2,ei,hyvä,
Keskusta,2h+k+p,kt,"60,00",199000,3317,1962,3/7,on,hyvä,"D,2007"
Hervanta,"2h,k,s",kt,"49,00",179000,3653,2014,11/16,on,hyvä,"B,2013"
Hervanta,"2 h, k, s, p",kt,"62,00",116000,1871,1985,6/6,ei,hyvä,
Armonkallio,"2-3h, k, kph, v...",kt,"55,00",178000,3236,1969,2/6,on,hyvä,
Hervanta,"2h, k, kph, vh,...",kt,"54,00",86000,1593,1975,7/7,on,hyvä,"F,2013"
Kaleva,2h+k+kph+p,kt,"54,00",176000,3259,1954,6/6,on,hyvä,C
Härmälä,3h+k+kph+s+parveke,kt,"63,00",205000,3254,2006,4/5,on,hyvä,"E,2013"
Pohtola,"3h, k, s",kt,"76,00",125000,1645,1985,2/2,ei,hyvä,"D,2007"
Vuores,"3 h , k , s , p",kt,"71,50",211000,2951,2016,4/5,on,hyvä,C
Hervanta,"3h, k+p",kt,"77,00",95000,1234,1981,2/5,on,hyvä,"F,2013"
Härmälänranta,"3h,kt,s",kt,"57,00",209626,3678,2018,6/7,ei,hyvä,C
Tampella,"3h, k, kph/wc, ...",kt,"75,50",347500,4603,2004,2/8,on,hyvä,D
Härmälänranta,"3h+k+s, vh, las, p",kt,"63,00",288000,4571,2018,6/6,on,hyvä,"C,2013"
Peltolammi,"3h,k,kph,wc,p",kt,"73,00",113000,1548,1968,4/6,on,hyvä,F
Tampella,"3h, k, s, las.p...",kt,"82,50",279000,3382,1988,3/6,on,hyvä,"F,2013"
Härmälänranta,"3h, tk, s, psh,...",kt,"94,50",280000,2963,2008,-1/5,on,hyvä,"E,2013"
Amuri,"3h,k,p",kt,"71,00",218000,3070,1965,5/12,on,tyyd.,F
Lentävänniemi,2h+kk+s+lasitet...,kt,"53,00",164000,3094,2013,2/8,on,hyvä,"C,2018"
Kalkku,"2h, k, kph",kt,"64,00",74000,1156,1976,1/6,on,hyvä,"F,2013"
Kalkku,"2h,avokeitti...",kt,"65,00",155000,2385,2008,1/2,ei,hyvä,"F,2013"
Härmälänranta,"2h,kt",kt,"36,00",146836,4079,2019,2/3,ei,hyvä,"C,2013"
Härmälänranta,"2h,kt",kt,"36,00",146836,4079,2019,2/3,ei,hyvä,"C,2013"
Vehmainen,"2h,kt,s",kt,"45,00",148500,3300,2019,1/4,on,hyvä,"C,2013"
Kalkku,"2h, kk, ph/wc, ...",kt,"50,00",68000,1360,1977,2/6,on,tyyd.,
Järvensivu,"3h,k,s,p",kt,"79,00",264000,3342,2006,4/8,on,hyvä,"F,2013"
Keskusta,"3h,k,kph/wc,s,khh",kt,"95,50",400000,4188,1902,4/4,on,hyvä,"F,2013"
Rahola,"3h, k , s, lasi...",kt,"66,50",179500,2699,2014,2/5,on,hyvä,"B,2018"
Hervanta,"oh, k, 3 mh, kh...",kt,"76,50",118500,1549,1974,7/7,on,hyvä,"F,2013"
Hatanpää,3h+k+s+parveke,kt,"69,00",278500,4036,2017,6/7,on,hyvä,"C,2018"
Keskusta,"2 - 3 h , k , s...",kt,"96,50",388000,4021,1988,6/6,on,hyvä,"F,2013"
Keskusta,"3h,tupakeitti...",kt,"86,00",385689,4485,1952,2/8,on,hyvä,"F,2007"
Vehmainen,"2h,kt",kt,"42,00",132300,3150,2019,2/4,on,hyvä,"C,2013"
Tammela,"2h,k,kh,p,vh",kt,"48,00",175571,3658,1968,4/7,on,hyvä,"F,2013"
Vuores,"2h, kt, kph/s/w...",kt,"55,00",168000,3055,2014,4/5,on,hyvä,"C,2013"
Kalkku,"2h, k, s, wc, v...",kt,"48,00",81000,1688,1988,2/3,ei,hyvä,"D,2007"
Pyynikki,"2h, k, s, kph, ...",kt,"50,50",199000,3941,1994,-1/5,on,hyvä,
Kaleva,"2h, k, kph, vh, 2p",kt,"58,50",171000,2923,1954,2/6,on,tyyd.,"F,2013"
Kaleva,"2h, kt, vh, p",kt,"37,00",165000,4459,2018,4/6,on,hyvä,C
Janka,"2h,k,s,p",kt,"54,00",126000,2333,1991,3/4,on,hyvä,"D,2007"
Pyynikki,"2h, k, kph/wc, ...",kt,"54,00",191000,3537,1975,3/3,on,hyvä,
Amuri,"2h, k, kph, las...",kt,"57,50",162000,2817,1968, ,on,tyyd.,
Tesoma,"2h, k, psh, p",kt,"58,50",47100,805,1974,3/3,ei,hyvä,
Kaleva,"2h, k, kph/wc",kt,"59,00",170000,2881,1956,1/7,on,hyvä,
Vehmainen,"2h,kt,s",kt,"45,00",155250,3450,2019,4/4,on,hyvä,"C,2013"
Peltolammi,"2h, k, kph/wc, ...",kt,"45,50",148500,3264,2019,3/6,on,hyvä,
Peltolammi,"2h, kt, kph/wc,...",kt,"36,50",126900,3477,2019,1/6,on,hyvä,
Hervanta,"2h, kt, kph, pa...",kt,"38,50",132900,3452,2019,3/8,on,hyvä,
Hyhky,2h+k+kph+rp,kt,"46,00",150000,3261,2014,1/2,ei,hyvä,"C,2007"
Onkiniemi,"2h, kk, s, p",kt,"52,50",194000,3695,2004,1/3,on,hyvä,"F,2013"
Hervanta,"1h, kt, kph, la...",kt,"25,50",103900,4075,2019,3/8,on,hyvä,
Hervanta,"1h, kt, kph, la...",kt,"25,50",103900,4075,2019,3/8,on,hyvä,
Hervanta,"1h, kt, kph, la...",kt,"25,50",103900,4075,2019,3/8,on,hyvä,
Hervanta,"1h, kt, kph, la...",kt,"25,50",106900,4192,2019,6/8,on,hyvä,
Hervanta,"1h, kt, kph, la...",kt,"25,50",107900,4231,2019,7/8,on,hyvä,
Hervanta,Tupakeittiö...,kt,"26,50",107000,4038,2004,4/5,on,hyvä,"F,2007"
Tesoma,1h+kt+kph+lasit...,kt,"23,00",103000,4478,2018,4/6,on,hyvä,
Hervanta,"1h, kt, kph, la...",kt,"25,50",105900,4153,2019,5/8,on,hyvä,
Härmälänranta,"2h+k, s, las. p",kt,"55,50",230000,4144,2018,5/6,on,hyvä,"C,2013"
Viinikka,"2h, k, kph",kt,"56,00",125000,2232,1950,2/2,ei,hyvä,
Vuores,"2h, k, kph, s, vh",kt,"41,50",148000,3566,2018,1/2,ei,hyvä,C
Kaleva,2h+k+ph/wc+p(la...,kt,"54,00",166000,3074,1957,3/4,ei,hyvä,
Kaleva,"2h,kt,p",kt,"44,00",182750,4153,2018,5/6,on,hyvä,"C,2013"
Tesoma,"2h,kk",kt,"43,00",138300,3216,2018,5/8,on,hyvä,"C,2018"
Hervanta,"2h, k, kph/wc, ...",kt,"60,50",112000,1851,1976,5/8,on,hyvä,"F,2013"
Hatanpää,"2h, kt",kt,"44,00",194300,4416,2019,3/7,on,hyvä,"C,2018"
Lentävänniemi,"2h, kk, s",kt,"52,50",168000,3200,2013,6/8,on,hyvä,"C,2013"
Keskusta,2h+k+kph+vh+las...,kt,"58,50",211000,3607,1963,5/7,on,hyvä,
Linnainmaa,"2h, k, kph/wc, ...",kt,"59,00",125000,2119,2001,3/5,on,hyvä,"D,2013"
Hervanta,2h+k+s+lasitett...,kt,"62,00",129500,2089,1985,4/6,on,hyvä,"F,2013"
Kaleva,"2h, k, kph/wc, vh",kt,"62,50",175000,2800,1956,2/6,on,hyvä,"F,2013"
Lentävänniemi,"3h,kt,s",kt,"64,00",286000,4469,2018,2/6,on, ,C
Kaakinmaa,"3h, k, kph/wc, ...",kt,"93,50",355000,3797,1989,2/5,on,hyvä,
Pyynikki,"3h, k, vh, kph/...",kt,"65,10",200000,3072,1960,3/6,on,hyvä,"G,2013"
Ruotula,"3h, k, kph, vh",kt,"76,00",155000,2039,1966,3/3,ei,hyvä,"D,2007"
Vehmainen,"3h,k,s",kt,"64,00",203200,3175,2019,3/4,on,hyvä,"C,2013"
Rahola,"3h, k, kph, vh",kt,"76,00",127000,1671,1972,5/5,on,hyvä,"D,2007"
Takahuhti,3h+k,kt,"68,00",153000,2250,1969,2/4,on, ,"F,2013"
Amuri,"3h, k, s, ph, w...",kt,"76,00",304000,4000,1985,3/8,on,hyvä,
Irjala,"3h, k, kph, s, ...",kt,"70,50",141000,2000,1982,3/3,ei,hyvä,"F,2013"
Janka,"3h, kt, s",kt,"71,00",239900,3379,2020,5/5,on, ,"C,2013"
Ranta-tampella,"3h, kt, s, wc",kt,"77,00",370010,4805,2019,2/8,ei, ,"C,2018"
Hervanta,"3h, k, kph, s, ...",kt,"72,00",148000,2056,1985,5/8,on,hyvä,
Lentävänniemi,"3h, k, s, vh, l...",kt,"70,50",163000,2312,2004,4/5,on,hyvä,"E,2013"
Lentävänniemi,"3h, k, kph, s, ...",kt,"72,50",99700,1375,1978,3/3,on,hyvä,"D,2007"
Härmälänranta,"2h, k, et, vh, ...",kt,"54,50",179000,3284,2011,2/4,on,hyvä,D
Tammela,"2h, k, s, vh, l...",kt,"58,50",191000,3265,1983,4/7,on,hyvä,
Irjala,"2 h, kk, kh",kt,"44,00",103696,2357,1963,2/2,ei,hyvä,"E,2007"
Hervanta,"2h, avok, kph, ...",kt,"56,00",122000,2179,1983,6/7,on,hyvä,
Lielahti,"2h+kt, las. ter...",kt,"38,50",155400,4036,2018,3/8,on,hyvä,C
Lentävänniemi,"3h, kt, psh, vh, p",kt,"60,50",252640,4176,2019,6/6,on,hyvä,
Pyynikki,"3 h, k, s, vh, ...",kt,"79,50",438000,5509,2010,7/7,on,hyvä,"D,2013"
Ristinarkku,"3h,kt,s",kt,"80,00",295900,3699,2019,7/7,on,hyvä,"C,2013"
Ristinarkku,"3-4h,k,s",kt,"86,00",324900,3778,2019,7/7,on,hyvä,"C,2013"
Pyynikki,"3-4h, alk, k, k...",kt,"123,00",330000,2683,1930,3/6,on,tyyd.,
Hervanta,"3h,k,kph,lasit.p",kt,"72,00",85000,1181,1980,5/6,on,tyyd.,"E,2013"
Linnainmaa,3h+k+s+kph+vh+e...,kt,"77,00",134000,1740,1983,2/3,ei,hyvä,B
Härmälänranta,"3h,kt,s",kt,"57,00",219750,3855,2018,7/7,ei,hyvä,C
Hervanta,3h+k+kph+vh+p,kt,"73,00",107000,1466,1980,2/6,on,hyvä,D
Takahuhti,3h+k+s+kph+wc+l...,kt,"74,00",135000,1824,1981,1/3,ei,hyvä,F
Hervanta,"3h, k, vh, kph,...",kt,"74,50",135000,1812,1985,3/6,on,hyvä,"F,2013"
Hämeenpuisto,"2 h, k, kph, wc",kt,"72,00",225000,3125,1952,3/7,on,tyyd.,"G,2007"
Takahuhti,"2h, k, vh, lasi...",kt,"50,00",135000,2700,1970,1/3,ei,hyvä,"F,2013"
Kissanmaa,"2h, k, vth",kt,"52,00",120000,2308,1955,2/3,ei,hyvä,
Tammela,"2h, kk",kt,"52,00",154000,2962,1939,5/6,on,tyyd.,"F,2013"
Hervanta,2h+k+s,kt,"54,00",178700,3309,2014,10/16,on,hyvä,"B,2013"
Amuri,"2h, k, kph/wc, ...",kt,"58,00",179000,3086,1958,4/7,on,hyvä,"D,2007"
Amuri,"2h,kk,kph",kt,"40,00",148000,3700,1958,3/7,on,hyvä,"D,2007"
Lentävänniemi,"3h,kt,s",kt,"66,00",309000,4682,2019,3/6,on, ,"C,2013"
Lamminpää,"3h, kt",kt,"68,00",194176,2856,2018,1/4,ei, ,"C,2018"
Kaakinmaa,"3h, k, kph/wc, ...",kt,"68,00",215000,3162,1961,3/6,on,tyyd.,
Niemenranta,"3h,k,s,lasitett...",kt,"79,00",268000,3392,2014,4/8,on,hyvä,"B,2018"
Hervanta,"3h,k,s",kt,"64,00",152000,2375,2004,2/4,on,hyvä,"F,2013"
Linnainmaa,"3h, kt, kph/s, ...",kt,"62,50",195000,3120,2011,3/5,on,hyvä,
Ruotula,"3h,k,p",kt,"76,00",135000,1776,1966,3/3,ei, ,"D,2018"
Hakametsä,"3h,k,s",kt,"65,00",233000,3585,2011,5/6,on,hyvä,"B,2007"
Kaukajärvi,"2h, kk, kh/wc, ...",kt,"48,00",80000,1667,1966,2/3,ei,tyyd.,"E,2013"
Härmälä,"2h, k, vh, kph, s",kt,"52,50",174000,3314,2006,5/6,ei,hyvä,
Hervanta,"2h, k, kph/wc, ...",kt,"58,00",121000,2086,1974,5/6,on,hyvä,"G,2013"
Kaleva,"2h,kt,vh,p",kt,"37,00",173800,4697,2018,5/6,on, ,"C,2013"
Linnainmaa,"2h, k, s, kph, ...",kt,"53,00",110000,2075,2000,3/3,on,tyyd.,"F,2013"
Kaleva,2h+k,kt,"55,00",155000,2818,1942,3/4,ei, ,"F,2013"
Härmälä,"2h,k,s ",kt,"49,00",111000,2265,1982,2/2,ei, ,"E,2013"
Peltolammi,"2h, kt, kph/wc,...",kt,"36,00",125200,3478,2019,1/6,on,hyvä,
Lentävänniemi,"2h, k, kh, lasi...",kt,"62,50",112000,1792,1978,6/6,on,tyyd.,"D,2007"
Tesoma,"2h,kk",kt,"40,00",135000,3375,2018,4/8,on,hyvä,"C,2018"
Hyhky,"2h, k, kph, s, ...",kt,"56,00",158000,2821,2004,3/7,on,hyvä,"E,2013"
Kalkunvuori,"2h, k, wc/kph, ...",kt,"60,00",147000,2450,2007,4/5,on,hyvä,
Kaleva,h+tupak+p,kt,"45,00",155000,3444,2012,2/6,on,hyvä,"D,2013"
Koivistonkylä,2h+k+p,kt,"57,00",98000,1719,1975,1/3,ei, ,"D,2007"
Vehmainen,"2h,k",kt,"43,00",137600,3200,2019,3/4,on,hyvä,"C,2013"
Tammela,"1h, kk, kph/wc,...",kt,"33,50",139000,4149,1972,2/7,on,hyvä,
Hyhky,"1h, k, s, terassi",kt,"35,00",109000,3114,1986,1/2,ei,hyvä,
Keskusta,"1h,kk,p",kt,"29,50",149600,5071,1962,4/7,on,tyyd.,"D,2007"
Keskusta,"1h,kt,parvi",kt,"35,00",232000,6629,2018,4/6,on,hyvä,"C,2013"
Hervanta,"1h, kt, kph, la...",kt,"25,50",106900,4192,2019,6/8,on,hyvä,
Hervanta,2h+k+kph+p,kt,"62,00",105000,1694,1977,1/6,on,hyvä,"C,2007"
Hatanpää,"2h, kt",kt,"39,50",174700,4423,2019,3/7,on,hyvä,"C,2018"
Vehmainen,"2h,kt",kt,"42,00",134400,3200,2019,3/4,on,hyvä,"C,2013"
Tampella,"2h,kk,khh,kph,s,p",kt,"59,00",255000,4322,1999,7/8,on,hyvä,"D,2013"
Hervanta,"2h,k,kph,vh,las.p",kt,"60,00",77000,1283,1976,4/8,on,tyyd.,"F,2013"
Lamminpää,"2h,kk,s",kt,"38,00",72000,1895,1987,1/3,ei,hyvä,"G,2013"
Härmälänranta,"2h,kt",kt,"38,00",139126,3661,2018,1/7,ei,hyvä,"C,2018"
Hatanpää,"2h, kt",kt,"39,00",181700,4659,2019,2/7,ei,hyvä,"C,2018"
Lentävänniemi,"3h, k, kph/wc, ...",kt,"72,50",121000,1669,1979,1/3,on,hyvä,"F,2013"
Vuores,"2-3h, kt, kph, p",kt,"50,00",153000,3060,2018,2/6,on,hyvä,"C,2013"
Vehmainen,"3h,k,s",kt,"64,00",200025,3125,2019,2/4,on,hyvä,"C,2013"
Tesoma,"3h, k, kph/wc, ...",kt,"70,50",90000,1277,1969,3/3,ei,tyyd.,
Hervanta,"3h,k,kph,las.p",kt,"77,00",108000,1403,1978,5/5,on,hyvä,D
Keskusta," 3 h, avokeitti...",kt,"79,50",397000,4994,1980,4/8,on,hyvä,
Kaleva,3h+k+kh+p,kt,"66,00",205000,3106,1959,7/7,on, ,"F,2013"
Keskusta,"3h, k, ph, lasi...",kt,"73,00",260000,3562,1957,7/7,on,hyvä,F
Rantaperkiö,"3h,k,kph,parveke",kt,"68,00",135000,1985,1967,3/3,ei,hyvä,"D,2007"
Hervanta,"3h, k, lasitett...",kt,"74,50",73500,987,1974,7/7,on,huono,
Pyynikki,"3h, k, s, p",kt,"74,00",456500,6169,2018,10/10,on,hyvä,C
Tesoma,"2h,kk",kt,"41,00",144800,3532,2018,8/8,on,hyvä,C
Kaleva,2h+k,kt,"53,00",149000,2811,1960,4/6,on,tyyd.,D
Hervanta,"2 h, kt, kph, p...",kt,"39,50",136900,3466,2018,4/8,on,hyvä,C
Tesoma,"2h,kk",kt,"40,00",136300,3408,2018,5/8,on,hyvä,C
Vuores,"2h, kt",kt,"39,00",131000,3359,2018,3/6,on,hyvä,"C,2013"
Pyynikki,"2h,kk,kph",kt,"65,00",196000,3015,1906,1/7,on, ,E
Tesoma,3h+k+s+kph/wc+w...,kt,"74,00",259000,3500,2018,6/6,on,hyvä,
Härmälänranta,"3h,k,s,p,rp",kt,"68,00",249746,3673,2019,2/3,ei,hyvä,"C,2013"
Rantaperkiö,3h+k+kh,kt,"67,00",130000,1940,1965,1/2,ei, ,"D,2007"
Takahuhti,"3h, k, ph, s, e...",kt,"70,50",170000,2411,1985,1/3,ei,hyvä,F
Atala,"3h,k,s",kt,"71,00",164250,2313,2005,4/4,on, ,"B,2007"
Hervanta,"3h, k, s, vh, p",kt,"72,00",91000,1264,1985,5/8,on,hyvä,"F,2013"
Härmälä,"3h, k, wc/kph, ...",kt,"76,00",94000,1237,1975,3/3,ei,hyvä,"F,2013"
Uusikylä,"3h, k, kph, vh,...",kt,"72,50",117000,1614,1965,1/3,ei,hyvä,
Tesoma,3h+k+kph/wc+eri...,kt,"75,00",120000,1600,1974,1/3,ei,hyvä,
Pappila,"3h,kk,s",kt,"59,00",179700,3046,2001,1/2,ei, ,
Kaleva,"3h, k, kh, vh, p",kt,"82,50",208000,2521,1962,1/7,on,hyvä,"E,2013"
Keskusta,"3h, halli, k, p",kt,"96,00",340183,3544,1952,6/8,on,hyvä,"F,2013"
Keskusta,"3h, k, saunaos....",kt,"107,50",700000,6512,2016,7/7,on,hyvä,
Tesoma,"3h, k, kph, las...",kt,"65,50",86000,1313,1967,1/3,ei,tyyd.,"D,2007"
Hyhky,"3h, k, vh, kph,...",kt,"65,50",185000,2824,1986,2/2,ei,hyvä,"F,2013"
Kaleva,"2h,k",kt,"56,00",142200,2539,1962,3/3,ei, ,"D,2007"
Lapinniemi,"2h,k,kph,wc,s,v...",kt,"63,00",288000,4571,2004,6/9,on,hyvä,"E,2013"
Uusikylä,"2h,avok.",kt,"39,00",115000,2949,1970,3/3,ei,tyyd.,"D,2007"
Vehmainen,"2h,k",kt,"45,00",144625,3214,2019,4/4,on,hyvä,"C,2013"
Kaleva,2 h+ kk,kt,"51,00",165000,3235,1942,2/3,ei,hyvä,
Peltolammi,"2h, k, kh, vh j...",kt,"53,50",57000,1065,1970,3/3,ei,tyyd.,"D,2013"
Kaleva,"3h, k, kph, las.p",kt,"68,50",190000,2774,1957,3/4,ei,hyvä,"F,2013"
Rahola,"3h, k, s",kt,"69,00",199000,2884,2014,3/4,on,hyvä,"A,2007"
Onkiniemi,"3h, k, kph, las...",kt,"76,00",182000,2395,1974,2/3,ei, ,"G,2013"
Pyynikki,"3h, kirjastoh.,...",kt,"100,00",330000,3300,1925,2/2,ei,hyvä,
Hervanta,"3h, k, kph, vh, p",kt,"74,50",113000,1517,1979,7/8,on,hyvä,
Pappila,"3h,k,lasitettu ...",kt,"75,00",128500,1713,1968,1/4,on,tyyd.,"D,2007"
Hämeenpuisto,"3h, k, kph, s, ...",kt,"79,50",275000,3459,1984,1/7,on,hyvä,"F,2013"
Holvasti,"3h, k, kph, s, ...",kt,"70,50",135000,1915,2004,3/3,on,tyyd.,"D,2007"
Keskusta,2h+k+p,kt,"53,00",182000,3434,1974,3/8,on, ,"F,2013"
Hervanta,"2 h, k , s , p",kt,"50,00",168000,3360,2013,8/16,on,hyvä,B
Tesoma,"2h, k, p",kt,"61,00",99000,1623,1969,6/7,on,hyvä,"E,2013"
Härmälänranta,"2h,kt,s",kt,"45,00",164626,3658,2018,3/7,ei,hyvä,"C,2018"
Haapalinna,"2h,k,s,kph,wc,e...",kt,"62,00",145000,2339,1991,1/5,on,hyvä,"B,2013"
Kaleva,"2 h, k, s, p",kt,"59,00",182000,3085,1965,6/9,ei,hyvä,
Hatanpää,"2h, kt",kt,"39,50",176200,4461,2019,4/7,ei,hyvä,"C,2018"
Hatanpää,"2h, kt",kt,"39,50",185200,4689,2019,7/7,ei,hyvä,"C,2018"
Härmälänranta,"3h,k,s,p,rp",kt,"68,00",249746,3673,2019,2/3,ei,hyvä,"C,2013"
Tammela,"3h, k, vh, kph,...",kt,"70,00",220000,3143,1984,1/7,on, ,"F,2013"
Haapalinna,"3h,k,s,p",kt,"74,00",167500,2264,1983,3/3,on,hyvä,"C,2007"
Härmälä,"3h, k, kph, s, ...",kt,"107,00",217000,2028,1936,1/2,ei,hyvä,"G,2013"
Härmälänranta,"3h,k,s,p,rp",kt,"68,00",251000,3691,2019,2/3,ei,hyvä,"C,2013"
Tampella,"3h, k, wc, kph,...",kt,"77,50",241000,3110,1972,2/5,on,hyvä,"E,2013"
Hallila,"3 h, k, s, kph,...",kt,"74,50",146500,1966,1991,2/3,on,hyvä,"F,2013"
Lielahti,"3h, k, vh, p (l...",kt,"75,50",110000,1457,1974,3/3,on,tyyd.,"F,2013"
Hervanta,"3h, k, kph, vh,...",kt,"75,50",72000,954,1974,2/5,on,hyvä,"F,2013"
Hervanta,"3h, k, kph, p",kt,"71,00",92000,1296,1983,2/5,on,hyvä,"C,2007"
Tampella,"3h ,k, las.parv.",kt,"77,50",232000,2994,1972,1/5,on,hyvä,"E,2013"
Amuri,"3h,k,s",kt,"76,00",246000,3237,1985,5/8,on,tyyd.,"F,2013"
Pyynikki,"3h,k,s",kt,"81,00",480000,5926,2018,9/10,on,hyvä,
Multisilta,"3h,k,kph,vh:t",kt,"71,00",69000,972,1978,1/5,on, ,"B,2013"
Korkinmäki,"3h, k, kph, s, ...",kt,"69,00",190000,2754,1994,2/2,ei,hyvä,
Pyynikki,"3h, kt, s, p",kt,"60,00",357500,5958,2018,9/10,on,hyvä,C
Pyynikki,"3h, k, s, p, te...",kt,"81,00",475938,5876,2018,-1/10,on,hyvä,C
Hervanta,"3h, k, p (las.)",kt,"74,50",85000,1141,1979,4/8,on,hyvä,
Linnainmaa,"3h, k, wc/kph/s...",kt,"66,00",149150,2260,1999,2/4,on,hyvä,
Hervanta,"3h,k,kph,vh,las.p",kt,"73,00",115000,1575,1980,6/6,on,hyvä,"D,2013"
Haukiluoma,"3h, k, kph, s, p",kt,"60,50",155000,2562,2017,2/4,on,hyvä,
Korkinmäki,"3h,kt,kph,wc,vh",kt,"67,00",176000,2627,1994,1/2,ei,hyvä,"F,2013"
Kaukajärvi,"2h,k,kph,vh,las...",kt,"54,00",105000,1944,1966,2/3,ei,hyvä,"E,2013"
Vehmainen,"2h,k",kt,"43,00",135450,3150,2019,2/4,on,hyvä,"C,2013"
Nekala,"2h, k, kph",kt,"45,00",85500,1900,1952,1/2,ei,hyvä,
Lentävänniemi,"2h, kt, s, p",kt,"48,50",185900,3833,2019,1/5,on,hyvä,"C,2013"
Takahuhti,"2h,k,kph",kt,"52,00",121000,2327,1963,1/2,ei,hyvä,"G,2013"
Koivistonkylä,"2h, k, kph, vh,...",kt,"53,20",120000,2256,1961,4/4,on,hyvä,"F,2013"
Vehmainen,"2h,kt,s",kt,"45,00",155250,3450,2019,4/4,on,hyvä,"C,2013"
Linnainmaa,3h+k+kph+s+eril...,kt,"72,00",159000,2208,1980,2/3,ei,hyvä,"E,2013"
Härmälä,"3h,k,s,las.p",kt,"82,00",160000,1951,1982,2/2,ei,hyvä,"E,2013"
Hyhky,"3h, k, s, kph, vh",kt,"64,00",167000,2609,1983,1/2,ei,hyvä,"A,2007"
Ruotula,"3h, k, kph/wc, ...",kt,"76,00",158000,2079,1966,1/3,ei,hyvä,"D,2007"
Hervanta,3h+k+s,kt,"65,00",216500,3331,2007,7/8,on,hyvä,"E,2013"
Hervanta,"3h,k,kph,lasit.p",kt,"72,00",92000,1278,1980,1/6,on,hyvä,"E,2013"
Ruotula,"oh, k, 2 mh, kh...",kt,"76,00",139000,1829,1965,3/3,ei,hyvä,
Ikuri,"3h, kt, s, kph,...",kt,"71,00",204500,2880,2017,-1/1,ei,hyvä,C
Lentävänniemi,"3h,k,s",kt,"96,00",389000,4052,2018,1/6,on, ,C
Lentävänniemi,"3h, kt, s, p",kt,"78,50",341700,4353,2019,4/5,on,hyvä,"C,2013"
Kaleva,"3h, k, s, p",kt,"55,00",234300,4260,2018,2/6,on,hyvä,C
Pyynikki,3h+k+parveke,kt,"88,00",350000,3977,1906,5/7,on,hyvä,"E,2013"
Härmälänranta,"3h,kt,s",kt,"57,00",198750,3487,2018,5/7,ei,hyvä,"C,2018"
Annala,"3 h, k, kph, s,...",kt,"72,00",150000,2083,1989,1/3,on,hyvä,
Vuores,"3h, k, s, vh, l...",kt,"78,00",215000,2756,2014,2/5,on,hyvä,C
Hervanta,"3h,k,kph,wc,s,v...",kt,"85,00",110000,1294,1985,3/5,on,tyyd.,"F,2013"
Peltolammi,"3h, k, kph, wc,...",kt,"79,00",135000,1709,1992,2/2,ei,hyvä,"F,2013"
Keskusta,3h+k+kph,kt,"92,60",281000,3035,1923,3/4,on,hyvä,F
Tesoma,3h+k+kph+vh+p,kt,"73,00",71500,979,1969,1/3,ei,hyvä,"D,2018"
Härmälä,"3h, k, kph",kt,"66,00",116000,1758,1968,2/3,ei,hyvä,
Linnainmaa,"3h, k, kph, s, ...",kt,"77,00",176000,2286,1984,2/3,ei,hyvä,
Kaleva,"3h, kt, s, p",kt,"62,00",274000,4419,2017,6/8,on,hyvä,"C,2013"
Pyynikki,"3h,k,khh/kh,s,2...",kt,"109,00",295000,2706,1925,1/2,ei,hyvä,
Hallila,"3h, k, s, kph, ...",kt,"79,00",129000,1633,1991,3/6,on,hyvä,
Vehmainen,"3h,k,s",kt,"64,00",203200,3175,2019,3/4,on,hyvä,"C,2013"
Kaukajärvi,"3h, k, las.parv...",kt,"82,00",152500,1860,1967,1/3,ei,hyvä,"E,2013"
Kaleva,"3h,k",kt,"56,00",181000,3232,1958,1/4,ei,hyvä,"C,2007"
Hervanta,"3h, k, kph, vh, p",kt,"75,50",92000,1219,1981,1/3,ei,hyvä,"F,2013"
Lentävänniemi,"3h, kt, psh, vh, p",kt,"63,50",263840,4155,2019,6/6,on,hyvä,
Tampella,"3h, k, s/kph, w...",kt,"77,00",363000,4714,2003,6/6,on,hyvä,"E,2013"
Hervanta,"3h, k, s",kt,"82,00",116000,1415,1981,3/5,on,tyyd.,"F,2013"
Ristinarkku,"3h,k",kt,"62,00",208600,3365,2019,3/7,on,hyvä,"C,2013"
Lentävänniemi,"3h, kt, psh, vh, p",kt,"63,50",258060,4064,2019,5/6,on,hyvä,
Hallila,"3 h, k, s, kph,...",kt,"79,00",163000,2063,1991,5/5,on,hyvä,"B,2007"
Vehmainen,"2h,k",kt,"43,00",139750,3250,2019,4/4,on,hyvä,"C,2013"
Hervanta,"2h, kk, kph, vh",kt,"48,00",70000,1458,1977,3/6,on,tyyd.,
Härmälä,"2h, k, s, vh, p",kt,"53,00",169000,3189,2006,1/5,on,hyvä,D
Härmälänranta,"2h,kt,parvi",kt,"35,00",176250,5036,2018,6/7,ei,hyvä,"C,2018"
Härmälänranta,"2h,kt",kt,"36,00",146836,4079,2019,2/3,ei,hyvä,"C,2013"
Tampella,2h+kk+s+lasitet...,kt,"41,00",195000,4756,1999,6/8,on,hyvä,D
Tampella,3h+k+s+piha,kt,"75,00",341000,4547,2002,1/6,on,hyvä,E
Muotiala,3h+k+s+lasitett...,kt,"80,00",251000,3138,2011,2/2,ei,hyvä,"E,2013"
Kaleva,"3h, k, s, p",kt,"55,00",239000,4345,2018,3/6,on,hyvä,C
Kaleva,"3h, kk, kph, et",kt,"62,00",214000,3452,1954,5/7,on, ,"C,2007"
Kaukajärvi,"3h, k, ph, s, l...",kt,"67,50",170000,2519,2005,2/9,on,hyvä,E
Rantaperkiö,"3h, k, kph, p",kt,"67,00",131428,1962,1969,3/3,ei,hyvä,"F,2013"
Janka,"3h, k, s, las. p",kt,"76,00",176000,2316,1993,1/4,on,hyvä,"F,2013"
Peltolammi,3h+k+2xvh+parveke,kt,"68,00",115000,1691,1969,2/3,ei,hyvä,"D,2007"
Tesoma,3h+k+p,kt,"74,10",100000,1350,1966,2/3,on,tyyd.,
Santalahti,"3h, kt, kph/wc/...",kt,"63,50",294600,4639,2019,3/4,on,hyvä,C
Kalkku,"3h,k,kph,parveke",kt,"71,00",77000,1085,1968,1/3,ei,hyvä,"E,2013"
Haapalinna,"3h,k,s",kt,"79,00",167000,2114,1990,1/3,on,hyvä,"C,2013"
Kauppi,"3h, k, vh, wc, ...",kt,"77,50",196000,2529,1967,6/7,on,tyyd.,"F,2013"
Annala,"3h, k, s, p, vth",kt,"64,00",143000,2234,1998,2/4,on,hyvä,"F,2013"
Hervanta,3h+k+s+vh+parveke,kt,"75,00",188000,2507,2006,7/8,on,hyvä,"D,2013"
Lentävänniemi,"3h, kt, s, p",kt,"52,00",199900,3844,2019,1/5,on,hyvä,"C,2013"
Irjala,"3h, k, s, kph, ...",kt,"70,50",130000,1844,1982,1/3,ei,hyvä,"F,2013"
Linnainmaa,"3h,k,p,s",kt,"72,00",115000,1597,1980,2/3,ei,tyyd.,"E,2007"
Kaleva,"3h, avok.,kph,s...",kt,"64,50",222000,3442,2012,3/6,on,hyvä,"D,2013"
Hervanta,"3h, k, erill. w...",kt,"80,00",140794,1760,1987,1/3,ei, ,"C,2007"
Kaleva,"3h,k,p",kt,"56,00",155000,2768,1956,3/4,ei, ,"G,2013"
Peltolammi,"3h,k,kph,vh,las...",kt,"68,00",107000,1574,1968,2/3,on,hyvä,"B,2007"
Amuri,"3h, k, kph, eri...",kt,"79,00",244000,3089,1966,5/6,on,hyvä,"G,2013"
Härmälänranta,"3h,k,kph,s,wc,vh,p",kt,"83,00",255000,3072,2012,3/5,on,hyvä,"D,2013"
Keskusta,"3h, k, las.parv.",kt,"75,00",260000,3467,1963,5/7,on,hyvä,"F,2013"
Vehmainen,"2h,k",kt,"43,00",133300,3100,2019,1/4,on,hyvä,"C,2013"
Kaukajärvi,"2h,k,p",kt,"51,00",126000,2471,2004,2/5,on,hyvä,"F,2013"
Tammela,"2,k",kt,"57,00",170000,2982,1970,4/7,on,huono,"F,2013"
Uusikylä,"2h, kk, kh, las...",kt,"43,50",131000,3011,1973,1/2,ei,hyvä,"D,2007"
Lentävänniemi,"2h, kt, s, p",kt,"44,50",184700,4151,2019,3/5,on,hyvä,"C,2013"
Amuri,"2h, kk, wc/kph,...",kt,"49,00",188000,3837,1950,6/6,on,hyvä,
Onkiniemi,"2h, k,",kt,"58,00",127000,2190,1978,1/7,on, ,"F,2013"
Linnainmaa,2h+kt+s+kph+las...,kt,"43,00",149000,3465,2018,1/7,on,hyvä,
Iidesranta,"oh,mh,avokeitti...",kt,"47,50",155000,3263,1959,5/6,ei,tyyd.,
Rautaharkko,"3h,k,lasip",kt,"74,00",126000,1703,1969,2/3,ei, ,"F,2013"
Kalkku,"3h,k,s",kt,"79,00",110000,1392,1993,1/3,ei, ,"D,2013"
Lapinniemi,"3h,k,kph,s,parvi",kt,"88,00",440000,5000,1899,3/6,on,hyvä,
Hervanta,"3h,k,s,las.parveke",kt,"64,50",231000,3581,2014,16/16,on,hyvä,
Keskusta,"3h, k, kph/wc, ...",kt,"63,00",213000,3381,1962,3/6,on,hyvä,
Hervanta,"3h, k, kph/wc, ...",kt,"74,00",77000,1041,1977,3/8,on,hyvä,
Hervanta,"3h, k, kph, vh,...",kt,"77,50",149000,1923,1983,8/8,on,hyvä,
Lentävänniemi,"3h, kt, s, p",kt,"72,00",287800,3997,2019,4/5,on,hyvä,"C,2013"
Lentävänniemi,"3h, kt, s, p",kt,"68,00",301400,4432,2019,4/5,on,hyvä,"C,2013"
Tammela,"3h,k,p",kt,"72,00",220000,3056,1968,3/6,on, ,"D,2007"
Kaleva,"3h, k, kph, las...",kt,"54,50",167000,3064,1957,3/6,on,hyvä,
Hervanta,"3h, k, s, kph, ...",kt,"78,50",110000,1401,1980,1/6,on,hyvä,"F,2013"
Lentävänniemi,"3h, kt, s, p",kt,"78,50",321700,4098,2019,2/5,on,hyvä,"C,2013"
Hervanta,"3h, k, kh, vh, ...",kt,"77,50",94000,1213,1982,5/8,on,tyyd.,"G,2013"
Keskusta,"3h, k, s/kph/wc...",kt,"84,00",366944,4368,1952,8/8,on,hyvä,"F,2013"
Peltolammi,"3h,k,wc,kph,p",kt,"73,00",103000,1411,1967,2/6,on, ,"G,2007"
Tammela,"3h, k, kph/wc, ...",kt,"69,00",225000,3261,1976,2/7,on,hyvä,"E,2013"
Ristinarkku,"3h,k",kt,"62,00",208600,3365,2019,3/7,on,hyvä,"C,2013"
Ristinarkku,"3h,k",kt,"62,00",215900,3482,2019,4/7,on,hyvä,"C,2013"
Ristinarkku,"3h,k",kt,"62,00",198800,3206,2019,2/7,on,hyvä,"C,2013"
Kaleva,"2h,k,kph,p",kt,"50,00",146000,2920,1961,2/6,on,tyyd.,"F,2013"
Lentävänniemi,"2h, k, kph, s, p",kt,"56,50",145000,2566,2005,5/5,ei,hyvä,"F,2013"
Tammela,"3h,k,kph/wc,las...",kt,"75,50",265000,3510,1951,2/5,on,hyvä,
Hervanta,"3h,k,kph,vh,las.p",kt,"70,00",103000,1471,1974,4/8,on,tyyd.,"F,2013"
Lentävänniemi,"3h, kt",kt,"64,00",253609,3963,2019,4/6,on, ,"C,2013"
Ratina,2-3h+k+sauna+kp...,kt,"67,50",295000,4370,2011,2/9,on,hyvä,
Amuri,"3h, k, kph, p",kt,"72,00",237000,3292,1955,4/6,on,hyvä,"G,2013"
Tesoma,"3h, k, kh/wc, p",kt,"65,50",97000,1481,1967,5/5,on,hyvä,"D,2007"
Takahuhti,"3h,k,p",kt,"67,00",150000,2239,1970,3/3,ei,hyvä,"F,2013"
Niemenranta,"3h, k, kph, s, ...",kt,"76,00",205000,2697,2012,3/6,on,hyvä,"D,2013"
Hervanta,"3h,k,kph,s,wc,v...",kt,"80,00",105000,1313,1987,2/3,ei,tyyd.,"C,2007"
Ratina,"3h, k, rt, eril...",kt,"90,00",585000,6500,2009,4/5,on,hyvä,
Tampella,"3h,k,psh,s,lasi...",kt,"73,00",339000,4644,1999,5/8,on,hyvä,"D,2013"
Härmälä,"3h,k,kph,s,p",kt,"76,00",299000,3934,2002,1/5,on,hyvä,
Ratina,"3h, k, kph, wc,...",kt,"86,50",590000,6821,2010,4/5,on,hyvä,"F,2013"
Vehmainen,"3h,k,s",kt,"64,00",206375,3225,2019,4/4,on,hyvä,"C,2013"
Niemenranta,"3h, k, s",kt,"67,00",247000,3687,2017,4/6,on,hyvä,
Tesoma,"3h,k,p",kt,"75,00",121500,1620,1969,1/3,ei,hyvä,"E,2013"
Kalkku,"oh, k, 2 mh, vh...",kt,"69,50",119500,1719,1989,2/2,ei,hyvä,
Ratina,"3h,k,s,lasit.p",kt,"97,00",715000,7371,2011,7/8,on,hyvä,"E,2013"
Hatanpää,3h+k+s,kt,"78,00",219000,2808,2002,1/5,on,hyvä,"F,2013"
Härmälänranta,"3h, k, rt, vh, ...",kt,"110,00",482000,4382,2008,5/5,on,hyvä,"E,2013"
Irjala,"3h, k, p(lasite...",kt,"75,00",133000,1773,1982,2/3,ei,hyvä,"F,2013"
Hervanta,"3h, k, vh, lasi...",kt,"77,50",100000,1290,1983,1/8,on,hyvä,
Hervanta,"3h, k, kph",kt,"70,00",82000,1171,1976,6/7,on,hyvä,"E,2013"
Lentävänniemi,"3h,k,s",kt,"98,00",367000,3745,2018,1/6,on, ,C
Annala,3h+k+s+vh+parveke,kt,"80,00",133500,1669,1985,2/3,ei,hyvä,"E,2013"
Hervanta,"3h, k, kph, las...",kt,"75,50",95000,1258,1977,5/5,on,hyvä,
Kaleva,"3h,k",kt,"81,00",190000,2346,1965,6/9,on,tyyd.,"F,2013"
Vuores,"3h, k, s, lasit...",kt,"58,00",168000,2897,2015,6/7,on,hyvä,"C,2013"
Linnainmaa,3h+k+s+lasitett...,kt,"75,00",167000,2227,1979,3/5,on,hyvä,"F,2018"
Härmälänranta,"3h,k,s,p,rp",kt,"68,00",249746,3673,2019,2/3,ei,hyvä,"C,2013"
Härmälänranta,"3-4 h, kt, kph/...",kt,"70,50",290000,4113,2017,4/6,on,hyvä,
Tampella,"3h,kt,kph,s,wc,...",kt,"77,00",329000,4273,1999,6/7,on,hyvä,"F,2013"
Pyynikki,"3h,k,kh,p",kt,"86,00",256000,2977,1963,4/6,on, ,"F,2013"
Hervanta,"3h,k,kph,s,lasit.p",kt,"75,00",108000,1440,1988,1/3,ei,tyyd.,"F,2013"
Hervanta,"3h, k, kph, vh, p",kt,"75,50",115000,1523,1978,8/8,on,hyvä,"D,2007"
Kaakinmaa,3h+k+kph+wc+vh+...,kt,"68,00",210001,3088,1969,5/7,on,hyvä,"F,2013"
Hervanta,"3h,k,kph,s,wc,l...",kt,"76,00",150000,1974,1990,1/8,on,tyyd.,"E,2013"
Keskusta,"3h, k",kt,"111,00",460000,4144,1957,6/6,ei,hyvä,"D,2007"
Tesoma,"3 h, k, vh, wc,...",kt,"75,00",116000,1547,1971,2/3,ei,hyvä,"D,2018"
